{"stats":{"minecraft:killed":{"minecraft:sheep":4,"minecraft:zombie":1,"minecraft:pig":1,"minecraft:chicken":1},"minecraft:killed_by":{"minecraft:spider":1},"minecraft:picked_up":{"minecraft:stick":2,"minecraft:feather":1,"minecraft:chicken":1,"minecraft:porkchop":2,"minecraft:oak_log":30,"minecraft:yellow_bed":1,"minecraft:stone_sword":1,"minecraft:stone_shovel":1,"minecraft:stone_axe":1,"minecraft:stone_pickaxe":1,"minecraft:oak_sapling":2,"minecraft:sugar_cane":3,"minecraft:mutton":6,"minecraft:white_wool":4},"minecraft:mined":{"minecraft:grass":15,"minecraft:oak_log":30,"minecraft:sugar_cane":2,"minecraft:oak_leaves":7},"minecraft:used":{"minecraft:stone_sword":7,"minecraft:oak_planks":11,"minecraft:stone_axe":49,"minecraft:mutton":1,"minecraft:crafting_table":1,"minecraft:porkchop":2,"minecraft:yellow_bed":1},"minecraft:custom":{"minecraft:time_since_rest":635,"minecraft:sprint_one_cm":24223,"minecraft:damage_taken":510,"minecraft:walk_one_cm":28555,"minecraft:mob_kills":7,"minecraft:damage_dealt":587,"minecraft:swim_one_cm":2983,"minecraft:interact_with_crafting_table":3,"minecraft:fly_one_cm":41857,"minecraft:crouch_one_cm":75,"minecraft:play_time":14354,"minecraft:deaths":2,"minecraft:sneak_time":36,"minecraft:walk_under_water_one_cm":2002,"minecraft:jump":175,"minecraft:leave_game":8,"minecraft:walk_on_water_one_cm":879,"minecraft:time_since_death":230,"minecraft:total_world_time":14354,"minecraft:fall_one_cm":4296},"minecraft:crafted":{"minecraft:oak_planks":120,"minecraft:crafting_table":1,"minecraft:white_bed":1}},"DataVersion":3465}