{"stats":{"minecraft:killed":{"minecraft:zombie":3,"minecraft:spider":2},"minecraft:picked_up":{"minecraft:crafting_table":2,"minecraft:sandstone":2,"minecraft:torch":2,"minecraft:wooden_pickaxe":1,"minecraft:sand":2,"minecraft:oak_log":8,"minecraft:diorite":2,"minecraft:spider_eye":1,"minecraft:string":4,"minecraft:dirt":1,"minecraft:rotten_flesh":5,"minecraft:apple":1,"minecraft:wheat_seeds":1,"minecraft:oak_sapling":1,"minecraft:coal":20,"minecraft:cobblestone":62},"minecraft:mined":{"minecraft:crafting_table":2,"minecraft:grass":6,"minecraft:oak_log":8,"minecraft:coal_ore":20,"minecraft:sand":2,"minecraft:dirt":1,"minecraft:stone":63,"minecraft:diorite":2,"minecraft:sandstone":2,"minecraft:tripwire":2,"minecraft:wall_torch":2},"minecraft:dropped":{"minecraft:wooden_pickaxe":1},"minecraft:used":{"minecraft:apple":1,"minecraft:string":2,"minecraft:stone_pickaxe":76,"minecraft:oak_button":1,"minecraft:wooden_pickaxe":15,"minecraft:stone_axe":18,"minecraft:torch":10,"minecraft:cobblestone":1,"minecraft:crafting_table":2},"minecraft:custom":{"minecraft:time_since_rest":10639,"minecraft:sprint_one_cm":9212,"minecraft:damage_taken":155,"minecraft:walk_one_cm":22809,"minecraft:mob_kills":5,"minecraft:drop":1,"minecraft:damage_dealt":920,"minecraft:interact_with_crafting_table":5,"minecraft:fly_one_cm":13317,"minecraft:crouch_one_cm":133,"minecraft:play_time":10639,"minecraft:sneak_time":92,"minecraft:jump":63,"minecraft:leave_game":5,"minecraft:walk_on_water_one_cm":3583,"minecraft:time_since_death":10639,"minecraft:total_world_time":10639,"minecraft:fall_one_cm":1334},"minecraft:crafted":{"minecraft:oak_boat":1,"minecraft:oak_planks":32,"minecraft:stone_shovel":1,"minecraft:crafting_table":1,"minecraft:stick":12,"minecraft:wooden_pickaxe":1,"minecraft:stone_pickaxe":1,"minecraft:furnace":1,"minecraft:oak_button":1,"minecraft:torch":8,"minecraft:stone_axe":1}},"DataVersion":3465}