{"stats":{"minecraft:mined":{"minecraft:coal_ore":34,"minecraft:birch_log":5,"minecraft:stone":115,"minecraft:crafting_table":2},"minecraft:used":{"minecraft:stone_axe":1,"minecraft:torch":3,"minecraft:crafting_table":2,"minecraft:stone_pickaxe":144,"minecraft:wooden_pickaxe":5},"minecraft:picked_up":{"minecraft:birch_log":5,"minecraft:stick":2,"minecraft:crafting_table":2,"minecraft:coal":34,"minecraft:cobblestone":108},"minecraft:crafted":{"minecraft:torch":32,"minecraft:birch_planks":20,"minecraft:crafting_table":1,"minecraft:stone_axe":1,"minecraft:stick":16,"minecraft:wooden_pickaxe":1,"minecraft:stone_pickaxe":2},"minecraft:custom":{"minecraft:time_since_rest":9136,"minecraft:play_time":9136,"minecraft:damage_taken":103,"minecraft:walk_one_cm":30654,"minecraft:jump":30,"minecraft:leave_game":3,"minecraft:time_since_death":9136,"minecraft:total_world_time":9136,"minecraft:interact_with_crafting_table":4,"minecraft:fly_one_cm":99},"minecraft:broken":{"minecraft:stone_pickaxe":1}},"DataVersion":3953}