{"stats":{"minecraft:mined":{"minecraft:coal_ore":34,"minecraft:birch_log":5,"minecraft:stone":17,"minecraft:crafting_table":1},"minecraft:crafted":{"minecraft:torch":32,"minecraft:birch_planks":20,"minecraft:crafting_table":1,"minecraft:stone_axe":1,"minecraft:stick":12,"minecraft:wooden_pickaxe":1,"minecraft:stone_pickaxe":1},"minecraft:custom":{"minecraft:time_since_rest":4165,"minecraft:play_time":4165,"minecraft:walk_one_cm":13755,"minecraft:jump":21,"minecraft:leave_game":1,"minecraft:time_since_death":4165,"minecraft:total_world_time":4165,"minecraft:interact_with_crafting_table":3},"minecraft:used":{"minecraft:stone_axe":1,"minecraft:torch":3,"minecraft:crafting_table":1,"minecraft:stone_pickaxe":46,"minecraft:wooden_pickaxe":5},"minecraft:picked_up":{"minecraft:birch_log":5,"minecraft:stick":2,"minecraft:crafting_table":1,"minecraft:coal":33,"minecraft:cobblestone":17}},"DataVersion":3953}