{"stats":{"minecraft:picked_up":{"minecraft:wheat_seeds":8,"minecraft:dirt":13},"minecraft:dropped":{"minecraft:dirt":8,"minecraft:wheat_seeds":4},"minecraft:custom":{"minecraft:time_since_rest":4470,"minecraft:open_chest":1,"minecraft:play_time":4470,"minecraft:sprint_one_cm":20583,"minecraft:damage_taken":30,"minecraft:walk_one_cm":13137,"minecraft:sneak_time":19,"minecraft:walk_under_water_one_cm":236,"minecraft:drop":12,"minecraft:jump":110,"minecraft:damage_dealt":103,"minecraft:leave_game":1,"minecraft:time_since_death":4470,"minecraft:walk_on_water_one_cm":2982,"minecraft:total_world_time":4470,"minecraft:swim_one_cm":7249,"minecraft:player_kills":1,"minecraft:fall_one_cm":1463,"minecraft:fly_one_cm":25047},"minecraft:mined":{"minecraft:grass":44,"minecraft:tall_grass":21}},"DataVersion":3465}