{"stats":{"minecraft:dropped":{"minecraft:rotten_flesh":8,"minecraft:oak_planks":4},"minecraft:used":{"minecraft:stone_sword":41,"minecraft:stone_pickaxe":394,"minecraft:birch_boat":1,"minecraft:wooden_pickaxe":25,"minecraft:rotten_flesh":5,"minecraft:torch":28,"minecraft:dirt":4,"minecraft:mutton":1,"minecraft:crafting_table":9,"minecraft:iron_pickaxe":271,"minecraft:stone_axe":65,"minecraft:wooden_sword":16,"minecraft:cobblestone":6,"minecraft:beef":7,"minecraft:furnace":2,"minecraft:kelp":1},"minecraft:custom":{"minecraft:interact_with_furnace":12,"minecraft:mob_kills":17,"minecraft:interact_with_crafting_table":18,"minecraft:leave_game":3,"minecraft:time_since_death":2699,"minecraft:time_since_rest":2719,"minecraft:sprint_one_cm":73243,"minecraft:damage_taken":1205,"minecraft:walk_one_cm":133249,"minecraft:drop":4,"minecraft:damage_dealt":2515,"minecraft:swim_one_cm":64802,"minecraft:fly_one_cm":98917,"minecraft:crouch_one_cm":2230,"minecraft:play_time":60388,"minecraft:deaths":4,"minecraft:sneak_time":1225,"minecraft:walk_under_water_one_cm":3670,"minecraft:boat_one_cm":75780,"minecraft:jump":759,"minecraft:walk_on_water_one_cm":63132,"minecraft:total_world_time":60388,"minecraft:fall_one_cm":18424},"minecraft:picked_up":{"minecraft:birch_log":13,"minecraft:crafting_table":2,"minecraft:leather":19,"minecraft:oak_log":51,"minecraft:dirt":76,"minecraft:raw_copper":4,"minecraft:bone":2,"minecraft:kelp":13,"minecraft:cobbled_deepslate":42,"minecraft:beef":11,"minecraft:stone_pickaxe":1,"minecraft:sugar_cane":56,"minecraft:oak_planks":4,"minecraft:stick":4,"minecraft:raw_iron":18,"minecraft:torch":4,"minecraft:dandelion":8,"minecraft:porkchop":5,"minecraft:diorite":41,"minecraft:redstone":22,"minecraft:stone_sword":1,"minecraft:arrow":4,"minecraft:rotten_flesh":22,"minecraft:stone_axe":1,"minecraft:granite":11,"minecraft:oak_sapling":2,"minecraft:mutton":3,"minecraft:coal":44,"minecraft:white_wool":2,"minecraft:cobblestone":633,"minecraft:oxeye_daisy":2},"minecraft:broken":{"minecraft:stone_pickaxe":3,"minecraft:iron_pickaxe":1},"minecraft:crafted":{"minecraft:wooden_sword":2,"minecraft:oak_planks":44,"minecraft:crafting_table":7,"minecraft:wooden_pickaxe":1,"minecraft:birch_boat":2,"minecraft:furnace":4,"minecraft:birch_planks":24,"minecraft:stone_axe":1,"minecraft:charcoal":2,"minecraft:shield":1,"minecraft:stick":28,"minecraft:iron_ingot":15,"minecraft:iron_pickaxe":2,"minecraft:stone_pickaxe":3,"minecraft:stone_sword":1,"minecraft:torch":28},"minecraft:mined":{"minecraft:kelp_plant":4,"minecraft:dandelion":4,"minecraft:crafting_table":3,"minecraft:granite":13,"minecraft:grass_block":10,"minecraft:cobblestone":3,"minecraft:copper_ore":1,"minecraft:sugar_cane":17,"minecraft:kelp":14,"minecraft:diorite":41,"minecraft:oxeye_daisy":1,"minecraft:wall_torch":1,"minecraft:seagrass":4,"minecraft:tall_seagrass":8,"minecraft:redstone_ore":5,"minecraft:birch_log":13,"minecraft:iron_ore":16,"minecraft:birch_leaves":1,"minecraft:grass":14,"minecraft:oak_log":43,"minecraft:coal_ore":34,"minecraft:deepslate_iron_ore":2,"minecraft:dirt":16,"minecraft:stone":503,"minecraft:oak_leaves":20,"minecraft:deepslate":42},"minecraft:killed":{"minecraft:pig":2,"minecraft:skeleton":2,"minecraft:sheep":2,"minecraft:zombie":5,"minecraft:cow":6},"minecraft:killed_by":{"minecraft:skeleton":1,"minecraft:spider":1,"minecraft:zombie":1}},"DataVersion":3465}