{"stats":{"minecraft:dropped":{"minecraft:rotten_flesh":1,"minecraft:wooden_pickaxe":2},"minecraft:used":{"minecraft:stone_sword":50,"minecraft:stone_shovel":5,"minecraft:stone_pickaxe":133,"minecraft:oak_planks":8,"minecraft:wooden_pickaxe":7,"minecraft:cooked_chicken":3,"minecraft:rotten_flesh":1,"minecraft:torch":4,"minecraft:dirt":25,"minecraft:crafting_table":4,"minecraft:campfire":2,"minecraft:smooth_basalt":2,"minecraft:stone_axe":25,"minecraft:fishing_rod":11,"minecraft:cobblestone":1,"minecraft:oak_sapling":1,"minecraft:furnace":3,"minecraft:cooked_beef":2},"minecraft:custom":{"minecraft:interact_with_furnace":7,"minecraft:mob_kills":21,"minecraft:interact_with_crafting_table":11,"minecraft:leave_game":6,"minecraft:time_since_death":13127,"minecraft:time_since_rest":13168,"minecraft:sprint_one_cm":55153,"minecraft:damage_taken":1709,"minecraft:walk_one_cm":149227,"minecraft:drop":3,"minecraft:damage_dealt":1984,"minecraft:swim_one_cm":48795,"minecraft:fly_one_cm":64590,"minecraft:crouch_one_cm":5258,"minecraft:play_time":56200,"minecraft:deaths":4,"minecraft:sneak_time":3364,"minecraft:walk_under_water_one_cm":13039,"minecraft:jump":572,"minecraft:walk_on_water_one_cm":12153,"minecraft:total_world_time":56200,"minecraft:fish_caught":9,"minecraft:fall_one_cm":18183},"minecraft:picked_up":{"minecraft:birch_log":6,"minecraft:fishing_rod":1,"minecraft:crafting_table":8,"minecraft:feather":8,"minecraft:chicken":4,"minecraft:salmon":12,"minecraft:birch_planks":4,"minecraft:tuff":2,"minecraft:oak_log":78,"minecraft:dirt":73,"minecraft:string":2,"minecraft:pufferfish":6,"minecraft:bone":10,"minecraft:cobbled_deepslate":65,"minecraft:stone_pickaxe":1,"minecraft:cooked_chicken":1,"minecraft:oak_planks":5,"minecraft:furnace":6,"minecraft:raw_iron":5,"minecraft:stick":7,"minecraft:smooth_basalt":4,"minecraft:birch_boat":1,"minecraft:torch":11,"minecraft:spider_eye":2,"minecraft:rotten_flesh":3,"minecraft:stone_sword":1,"minecraft:arrow":8,"minecraft:stone_shovel":1,"minecraft:stone_axe":1,"minecraft:granite":14,"minecraft:oak_sapling":7,"minecraft:coal":3,"minecraft:mutton":4,"minecraft:cod":14,"minecraft:white_wool":2,"minecraft:cobblestone":132},"minecraft:crafted":{"minecraft:oak_planks":36,"minecraft:stone_shovel":1,"minecraft:fishing_rod":1,"minecraft:crafting_table":2,"minecraft:wooden_pickaxe":2,"minecraft:birch_boat":1,"minecraft:cooked_chicken":4,"minecraft:furnace":1,"minecraft:birch_planks":24,"minecraft:stone_axe":1,"minecraft:air":0,"minecraft:stick":20,"minecraft:stone_pickaxe":2,"minecraft:stone_sword":1,"minecraft:torch":4},"minecraft:mined":{"minecraft:tuff":2,"minecraft:crafting_table":4,"minecraft:granite":2,"minecraft:grass_block":22,"minecraft:oak_planks":6,"minecraft:tall_seagrass":1,"minecraft:furnace":3,"minecraft:birch_log":6,"minecraft:birch_leaves":1,"minecraft:grass":4,"minecraft:deepslate_iron_ore":5,"minecraft:coal_ore":2,"minecraft:oak_log":29,"minecraft:dirt":10,"minecraft:smooth_basalt":4,"minecraft:stone":74,"minecraft:oak_leaves":4,"minecraft:deepslate":47},"minecraft:killed":{"minecraft:salmon":6,"minecraft:spider":1,"minecraft:cod":1,"minecraft:sheep":1,"minecraft:skeleton":4,"minecraft:zombie":4,"minecraft:chicken":4},"minecraft:killed_by":{"minecraft:zombie":1}},"DataVersion":3465}