{"stats":{"minecraft:custom":{"minecraft:time_since_rest":24930,"minecraft:crouch_one_cm":565,"minecraft:play_time":24930,"minecraft:sprint_one_cm":26246,"minecraft:damage_taken":220,"minecraft:walk_one_cm":34382,"minecraft:sneak_time":596,"minecraft:mob_kills":4,"minecraft:jump":89,"minecraft:damage_dealt":218,"minecraft:leave_game":3,"minecraft:time_since_death":24930,"minecraft:total_world_time":24930,"minecraft:interact_with_crafting_table":5,"minecraft:fall_one_cm":2453,"minecraft:fly_one_cm":150830},"minecraft:mined":{"minecraft:grass_block":1,"minecraft:grass":1,"minecraft:oak_log":12,"minecraft:stone":24,"minecraft:oak_leaves":1,"minecraft:crafting_table":2},"minecraft:killed":{"minecraft:spider":1,"alexsmobs:fly":3},"minecraft:picked_up":{"minecraft:crafting_table":2,"minecraft:apple":2,"minecraft:oak_log":12,"alexsmobs:maggot":4,"minecraft:oak_sapling":9,"minecraft:dirt":1,"minecraft:cobblestone":24,"minecraft:stick":6},"minecraft:crafted":{"minecraft:stone_sword":1,"minecraft:furnace":1,"minecraft:oak_planks":20,"minecraft:stone_shovel":1,"minecraft:stone_axe":1,"minecraft:crafting_table":1,"minecraft:stick":12,"minecraft:wooden_pickaxe":1,"minecraft:stone_pickaxe":1},"minecraft:used":{"minecraft:stone_axe":10,"minecraft:stone_sword":3,"minecraft:crafting_table":2,"minecraft:stone_pickaxe":21,"alexsmobs:animal_dictionary":2,"minecraft:wooden_pickaxe":3}},"DataVersion":3465}