{"stats":{"minecraft:dropped":{"minecraft:kelp":13,"create:ochrum":1,"minecraft:oak_pressure_plate":1,"minecraft:stone_sword":1,"minecraft:cobblestone":2,"minecraft:feather":1,"minecraft:rotten_flesh":3,"minecolonies:onion":1,"minecraft:gunpowder":1,"minecraft:diorite":2,"minecraft:oak_sapling":1,"minecraft:spider_eye":1,"minecraft:arrow":2,"minecraft:wooden_pickaxe":1,"minecraft:string":2,"minecraft:white_wool":4},"minecraft:crafted":{"minecraft:cooked_beef":2,"minecraft:oak_planks":40,"minecraft:stone_shovel":1,"minecraft:crafting_table":1,"minecraft:iron_helmet":1,"minecraft:wooden_pickaxe":1,"minecraft:cooked_chicken":1,"minecraft:iron_sword":1,"minecraft:furnace":1,"minecraft:stone_axe":1,"minecraft:cooked_mutton":12,"minecraft:air":0,"minecraft:iron_boots":1,"minecraft:iron_chestplate":1,"minecraft:stick":60,"minecraft:iron_ingot":29,"minecraft:iron_pickaxe":1,"minecraft:stone_pickaxe":1,"minecraft:stone_sword":1,"minecraft:iron_leggings":1,"minecraft:white_bed":1,"minecraft:torch":196},"minecraft:killed":{"minecraft:pig":17,"minecraft:spider":3,"minecraft:creeper":5,"minecraft:skeleton":1,"minecraft:sheep":9,"minecraft:zombie":14,"minecraft:chicken":1,"minecraft:cow":4},"minecraft:mined":{"create:zinc_ore":101,"create:deepslate_zinc_ore":1,"minecraft:white_bed":2,"minecraft:kelp_plant":47,"minecraft:crafting_table":5,"minecraft:torch":8,"minecraft:granite":3,"minecraft:grass_block":18,"create:ochrum":1,"minecraft:oak_pressure_plate":1,"minecraft:copper_ore":4,"minecraft:cobblestone":6,"minecraft:sugar_cane":19,"minecraft:kelp":1,"minecraft:diorite":1,"minecraft:wall_torch":6,"minecraft:seagrass":1,"minecraft:tall_seagrass":2,"minecraft:furnace":5,"minecraft:iron_ore":13,"minecraft:andesite":36,"minecraft:grass":16,"minecraft:oak_log":27,"minecraft:red_tulip":1,"minecraft:coal_ore":41,"minecraft:cobweb":11,"minecraft:tripwire_hook":2,"minecraft:stone":129,"minecraft:white_wool":1,"minecraft:oak_leaves":1},"minecraft:picked_up":{"minecraft:crafting_table":5,"minecraft:feather":1,"minecraft:cooked_beef":1,"minecraft:tripwire_hook":2,"minecraft:chicken":1,"minecraft:andesite":36,"minecraft:leather":1,"minecolonies:onion":1,"create:raw_zinc":94,"minecraft:oak_log":27,"minecraft:gunpowder":3,"minecraft:dirt":18,"minecraft:string":13,"minecraft:raw_copper":91,"minecraft:apple":1,"minecraft:kelp":269,"minecraft:beef":10,"minecraft:iron_ingot":2,"minecraft:sugar_cane":44,"minecraft:furnace":5,"minecraft:stick":1,"minecraft:raw_iron":41,"minecraft:torch":17,"minecraft:oak_pressure_plate":1,"minecraft:porkchop":33,"minecraft:diorite":2,"minecraft:white_bed":2,"minecraft:spider_eye":1,"minecraft:arrow":2,"minecraft:rotten_flesh":13,"waystones:waystone":1,"create:ochrum":1,"minecraft:granite":3,"minecraft:oak_sapling":1,"minecraft:mutton":12,"minecraft:coal":544,"minecraft:white_wool":9,"minecraft:cobblestone":129},"minecraft:used":{"minecraft:cooked_mutton":7,"minecraft:stone_sword":48,"minecraft:stone_pickaxe":120,"minecraft:wooden_pickaxe":5,"minecraft:iron_sword":60,"minecraft:rotten_flesh":10,"minecraft:cooked_chicken":1,"minecraft:white_wool":2,"minecraft:torch":186,"minecraft:dirt":18,"minecraft:crafting_table":5,"minecraft:white_bed":2,"minecraft:granite":3,"minecraft:apple":1,"minecraft:iron_pickaxe":220,"minecraft:stone_axe":63,"minecraft:cobblestone":49,"minecraft:furnace":5,"minecraft:cooked_beef":3,"minecraft:iron_leggings":1},"minecraft:custom":{"minecraft:interact_with_furnace":28,"minecraft:mob_kills":54,"minecraft:open_barrel":4,"minecraft:interact_with_crafting_table":17,"minecraft:leave_game":7,"minecraft:time_since_death":81243,"minecraft:sleep_in_bed":2,"minecraft:waystone_activated":1,"minecraft:time_since_rest":11381,"minecraft:sprint_one_cm":134638,"minecraft:damage_taken":789,"minecraft:walk_one_cm":266997,"minecraft:drop":21,"minecraft:damage_dealt":7234,"minecraft:swim_one_cm":34647,"minecraft:fly_one_cm":163998,"minecraft:crouch_one_cm":6323,"minecraft:play_time":81243,"minecraft:sneak_time":2729,"minecraft:walk_under_water_one_cm":6625,"minecraft:jump":1014,"minecraft:walk_on_water_one_cm":33183,"minecraft:total_world_time":81243,"minecraft:fall_one_cm":16680}},"DataVersion":3465}