{"stats":{"minecraft:used":{"minecraft:stone_sword":48,"minecraft:stone_shovel":133,"minecraft:ladder":13,"minecraft:chest":1,"minecraft:iron_sword":154,"minecraft:cooked_chicken":1,"minecraft:rotten_flesh":10,"supplementaries:globe":2,"minecraft:torch":190,"minecraft:dirt":74,"minecraft:granite":3,"minecraft:grass_block":432,"minecraft:beef":5,"minecraft:furnace":6,"minecraft:cooked_cod":4,"minecraft:cooked_beef":14,"minecraft:iron_leggings":1,"minecraft:cooked_mutton":12,"minecraft:stone_pickaxe":120,"minecraft:wooden_pickaxe":5,"minecraft:diamond_axe":44,"minecraft:white_wool":2,"minecraft:diamond_block":1,"minecraft:crafting_table":13,"minecolonies:blockminecoloniesrack":15,"minecraft:white_bed":13,"minecolonies:supplychestdeployer":1,"minecraft:oak_log":11,"minecraft:apple":1,"minecraft:diamond_shovel":201,"minecraft:iron_pickaxe":364,"minecraft:stone_axe":176,"minecraft:cobblestone":95,"minecraft:oak_boat":13,"minecraft:coarse_dirt":10,"structurize:sceptergold":1,"minecraft:experience_bottle":1},"minecraft:custom":{"minecraft:mob_kills":138,"minecraft:interact_with_crafting_table":33,"minecraft:open_barrel":5,"minecraft:leave_game":9,"minecraft:time_since_death":223670,"minecraft:climb_one_cm":6049,"minecraft:sprint_one_cm":463063,"minecraft:walk_one_cm":557583,"minecraft:drop":50,"minecraft:play_time":223670,"minecraft:sneak_time":6117,"minecraft:walk_under_water_one_cm":55484,"minecraft:boat_one_cm":466968,"minecraft:interact_with_lectern":1,"minecraft:jump":3517,"minecraft:walk_on_water_one_cm":60997,"minecraft:total_world_time":223670,"minecraft:interact_with_furnace":33,"minecraft:sleep_in_bed":12,"minecraft:time_since_rest":10009,"minecraft:waystone_activated":1,"minecraft:damage_taken":1757,"minecraft:damage_dealt":15525,"minecraft:swim_one_cm":131091,"minecraft:fly_one_cm":936267,"minecraft:open_chest":34,"minecraft:crouch_one_cm":14304,"minecraft:fall_one_cm":78476,"minecraft:horse_one_cm":227726},"minecraft:broken":{"minecraft:stone_axe":2,"minecraft:iron_pickaxe":1,"minecraft:stone_shovel":1},"minecraft:crafted":{"minecraft:oak_planks":188,"minecraft:stone_shovel":1,"minecraft:cooked_chicken":1,"minecraft:furnace":1,"minecraft:diamond_shovel":1,"minecraft:cooked_mutton":12,"minecraft:diamond":9,"minecraft:iron_boots":1,"minecraft:ladder":18,"minecraft:stone_pickaxe":1,"minecraft:chest":2,"minecraft:cooked_beef":12,"sophisticatedbackpacks:backpack":1,"minecraft:diamond_axe":1,"minecraft:crafting_table":3,"minecraft:spruce_planks":4,"minecraft:iron_helmet":1,"minecraft:wooden_pickaxe":1,"minecraft:iron_sword":1,"minecraft:birch_planks":44,"minecraft:stone_axe":2,"minecraft:air":0,"minecraft:oak_boat":1,"minecraft:iron_chestplate":1,"minecraft:stick":176,"minecraft:iron_ingot":38,"minecraft:iron_pickaxe":2,"minecraft:stone_sword":1,"minecraft:iron_leggings":1,"minecraft:white_bed":2,"minecraft:torch":216},"minecraft:picked_up":{"minecraft:azure_bluet":1,"minecraft:crafting_table":11,"minecraft:coarse_dirt":12,"minecraft:wheat":48,"minecolonies:blockhuttownhall":1,"minecraft:chicken":65,"minecraft:ladder":1,"minecraft:gold_block":1,"domum_ornamentum:cream_bricks":32,"minecraft:string":19,"supplementaries:globe":1,"minecraft:raw_copper":91,"minecraft:cooked_salmon":3,"minecolonies:blockhutguardtower":1,"minecolonies:blockhutfarmer":1,"minecraft:beef":188,"minecraft:oak_boat":14,"minecraft:poppy":2,"minecraft:coal_block":16,"minecraft:sugar_cane":165,"minecraft:chest":1,"minecraft:birch_sapling":2,"minecraft:furnace":6,"minecraft:egg":1,"minecraft:dark_oak_sapling":8,"minecraft:stick":11,"minecraft:raw_iron":41,"minecraft:sandstone":43,"minecraft:torch":54,"minecraft:porkchop":85,"minecolonies:blockhutfield":1,"structurize:sceptergold":1,"minecraft:diorite":4,"minecraft:arrow":66,"minecraft:rotten_flesh":15,"create:ochrum":1,"minecraft:hay_block":1,"minecraft:iron_block":2,"supplementaries:ash":1,"minecraft:mutton":62,"minecraft:white_wool":41,"minecraft:cobblestone":207,"minecraft:oxeye_daisy":1,"minecraft:birch_log":22,"minecraft:feather":1,"minecraft:cooked_beef":1,"minecraft:tripwire_hook":2,"minecraft:andesite":36,"minecraft:salmon":64,"minecraft:leather":89,"minecolonies:blockhutcook":1,"minecolonies:onion":1,"minecraft:lily_pad":6,"minecraft:oak_log":96,"create:raw_zinc":94,"domum_ornamentum:beige_bricks":32,"minecraft:gunpowder":3,"minecraft:lapis_lazuli":33,"minecraft:dirt":302,"minecolonies:blockminecoloniesrack":26,"minecraft:apple":1,"minecraft:kelp":270,"minecraft:wheat_seeds":21,"minecraft:heart_of_the_sea":1,"minecraft:iron_ingot":2,"minecolonies:blockhuttavern":1,"minecraft:oak_planks":11,"minecraft:book":3,"minecraft:emerald_block":1,"minecraft:dandelion":13,"minecraft:oak_pressure_plate":1,"minecraft:sand":128,"minecraft:spruce_sapling":8,"minecraft:white_bed":16,"minecraft:spruce_log":70,"minecraft:diamond_block":2,"minecraft:dark_oak_log":36,"minecraft:spider_eye":2,"minecolonies:clipboard":2,"minecraft:clay":128,"minecraft:diamond":2,"minecraft:polished_diorite":64,"waystones:waystone":8,"minecraft:granite":3,"minecolonies:blockhutwarehouse":1,"minecraft:oak_sapling":7,"minecraft:coal":664},"minecraft:dropped":{"minecraft:iron_sword":1,"minecraft:wheat_seeds":6,"minecraft:oak_pressure_plate":1,"minecraft:cobblestone":2,"minecraft:feather":1,"minecraft:grass_block":1,"minecraft:stick":7,"minecolonies:onion":1,"minecraft:diorite":2,"minecraft:torch":52,"minecraft:string":2,"minecraft:white_wool":4,"minecraft:lily_pad":6,"minecraft:dandelion":3,"minecraft:kelp":14,"minecraft:sugar_cane":1,"create:ochrum":1,"minecraft:coarse_dirt":2,"minecraft:stone_sword":1,"minecraft:rotten_flesh":3,"minecraft:filled_map":1,"minecraft:gunpowder":3,"minecraft:oak_sapling":1,"minecraft:spider_eye":2,"minecraft:spruce_log":5,"minecraft:sandstone":1,"minecraft:wooden_pickaxe":1,"minecraft:arrow":2,"minecraft:stone_pickaxe":1},"minecraft:mined":{"create:zinc_ore":101,"create:deepslate_zinc_ore":1,"minecraft:white_bed":16,"minecraft:dark_oak_leaves":41,"minecolonies:blockhuttownhall":2,"minecraft:dark_oak_log":18,"minecraft:ladder":1,"minecraft:granite":3,"minecolonies:blockhutfarmer":1,"minecraft:grass_block":269,"minecolonies:blockhuttavern":1,"create:ochrum":1,"minecraft:oak_pressure_plate":1,"minecraft:spruce_leaves":50,"minecraft:kelp":1,"minecraft:sandstone":34,"minecolonies:blockhutwarehouse":1,"minecraft:large_fern":1,"minecraft:hay_block":1,"minecraft:tall_seagrass":32,"minecraft:furnace":6,"minecolonies:blockminecoloniesrack":26,"minecraft:iron_ore":13,"minecraft:andesite":36,"minecraft:diamond_block":2,"minecraft:azure_bluet":1,"minecraft:gold_block":1,"minecraft:red_tulip":1,"minecraft:packed_ice":1,"minecraft:stone":205,"minecraft:iron_block":2,"minecraft:white_wool":1,"minecraft:kelp_plant":47,"minecraft:dandelion":9,"minecraft:crafting_table":11,"minecraft:cornflower":1,"minecraft:torch":10,"minecraft:poppy":1,"minecraft:chest":2,"minecolonies:blockhutcook":1,"minecraft:tall_grass":54,"minecraft:copper_ore":4,"minecraft:cobblestone":11,"minecraft:lapis_ore":2,"minecraft:sugar_cane":36,"minecraft:diorite":10,"minecraft:wall_torch":8,"minecolonies:blockhutguardtower":1,"minecraft:seagrass":30,"minecraft:coarse_dirt":12,"minecraft:birch_log":11,"minecraft:sweet_berry_bush":1,"minecraft:spruce_log":6,"minecraft:birch_leaves":30,"minecraft:grass":187,"minecraft:oak_log":33,"minecraft:coal_ore":43,"minecraft:sand":79,"minecraft:dirt":10,"minecolonies:blockhutfield":1,"minecraft:cobweb":15,"minecraft:tripwire_hook":2,"minecraft:oak_leaves":3,"minecraft:emerald_block":1},"minecraft:killed":{"minecraft:spider":4,"minecraft:skeleton":1,"minecraft:chicken":1,"minecraft:pig":30,"minecraft:creeper":5,"minecraft:sheep":25,"minecraft:zombie":15,"minecraft:cow":57}},"DataVersion":3465}