{"stats":{"minecraft:custom":{"minecraft:interact_with_furnace":21,"minecraft:mob_kills":44,"minecraft:interact_with_crafting_table":18,"minecraft:leave_game":11,"minecraft:time_since_death":6335,"minecraft:sleep_in_bed":1,"minecraft:time_since_rest":6802,"minecraft:sprint_one_cm":143226,"minecraft:damage_taken":2469,"minecraft:walk_one_cm":216425,"minecraft:drop":13,"minecraft:damage_dealt":6388,"minecraft:swim_one_cm":54918,"minecraft:fly_one_cm":145409,"minecraft:open_chest":6,"minecraft:crouch_one_cm":11002,"minecraft:play_time":91650,"minecraft:deaths":5,"minecraft:sneak_time":5090,"minecraft:walk_under_water_one_cm":14699,"minecraft:jump":975,"minecraft:walk_on_water_one_cm":15687,"minecraft:total_world_time":91650,"minecraft:fish_caught":9,"minecraft:fall_one_cm":23554},"minecraft:killed_by":{"minecraft:zombie":2},"minecraft:crafted":{"minecraft:oak_planks":128,"minecraft:yellow_wool":3,"minecraft:stone_shovel":2,"minecraft:fishing_rod":1,"minecraft:crafting_table":2,"minecraft:wooden_pickaxe":2,"minecraft:cooked_chicken":4,"minecraft:birch_boat":1,"minecraft:furnace":2,"minecraft:yellow_bed":1,"minecraft:birch_planks":24,"minecraft:stone_axe":2,"minecraft:cooked_mutton":13,"minecraft:air":0,"minecraft:oak_boat":1,"minecraft:yellow_dye":3,"minecraft:stick":28,"minecraft:stone_pickaxe":3,"minecraft:stone_sword":2,"minecraft:chest":1,"minecraft:torch":4},"minecraft:picked_up":{"minecraft:birch_log":6,"minecraft:fishing_rod":1,"minecraft:crafting_table":13,"minecraft:feather":10,"minecraft:chicken":5,"minecraft:salmon":12,"minecraft:birch_planks":4,"minecraft:tuff":6,"minecraft:oak_log":91,"minecraft:yellow_bed":2,"minecraft:gunpowder":2,"minecraft:dirt":76,"minecraft:string":6,"minecraft:pufferfish":6,"minecraft:bone":12,"minecraft:wheat_seeds":13,"minecraft:cobbled_deepslate":119,"minecraft:stone_pickaxe":2,"minecraft:cooked_chicken":1,"minecraft:sugar_cane":6,"minecraft:chest":1,"minecraft:oak_planks":134,"minecraft:furnace":8,"minecraft:stick":9,"minecraft:raw_iron":13,"minecraft:smooth_basalt":4,"minecraft:birch_boat":1,"minecraft:torch":13,"minecraft:dandelion":3,"minecraft:sand":47,"minecraft:white_bed":1,"minecraft:spider_eye":4,"minecraft:stone_shovel":2,"minecraft:stone_sword":2,"minecraft:arrow":14,"minecraft:rotten_flesh":24,"minecraft:stone_axe":2,"minecraft:granite":14,"minecraft:gray_wool":1,"minecraft:oak_sapling":12,"minecraft:cod":14,"minecraft:black_wool":1,"minecraft:mutton":17,"minecraft:coal":3,"minecraft:white_wool":5,"minecraft:cobblestone":132},"minecraft:used":{"minecraft:cooked_mutton":4,"minecraft:stone_sword":111,"minecraft:stone_shovel":51,"minecraft:stone_pickaxe":203,"minecraft:oak_planks":8,"minecraft:chest":1,"minecraft:wooden_pickaxe":7,"minecraft:cooked_chicken":3,"minecraft:rotten_flesh":3,"minecraft:torch":6,"minecraft:dirt":28,"minecraft:crafting_table":7,"minecraft:campfire":2,"minecraft:smooth_basalt":2,"minecraft:stone_axe":79,"minecraft:fishing_rod":11,"minecraft:cobblestone":1,"minecraft:oak_sapling":3,"minecraft:furnace":5,"minecraft:yellow_bed":2,"minecraft:cooked_beef":6,"minecraft:cobbled_deepslate":8},"minecraft:mined":{"minecraft:tuff":6,"minecraft:oak_sapling":1,"minecraft:dandelion":3,"minecraft:crafting_table":8,"minecraft:torch":1,"minecraft:granite":2,"minecraft:grass_block":24,"minecraft:chest":1,"minecraft:tall_grass":7,"minecraft:sugar_cane":5,"minecraft:oak_planks":17,"minecraft:tall_seagrass":1,"minecraft:furnace":5,"minecraft:birch_log":6,"minecraft:cobbled_deepslate":7,"minecraft:birch_leaves":1,"minecraft:yellow_bed":2,"minecraft:grass":59,"minecraft:coal_ore":2,"minecraft:oak_log":42,"minecraft:deepslate_iron_ore":13,"minecraft:sand":47,"minecraft:dirt":11,"minecraft:smooth_basalt":4,"minecraft:stone":74,"minecraft:oak_leaves":12,"minecraft:deepslate":94},"minecraft:dropped":{"minecraft:stone_axe":1,"minecraft:wheat_seeds":6,"minecraft:stone_sword":1,"minecraft:stone_shovel":1,"minecraft:feather":1,"minecraft:rotten_flesh":21,"minecraft:spider_eye":1,"minecraft:wooden_pickaxe":2,"minecraft:stone_pickaxe":1},"minecraft:killed":{"minecraft:zombie_villager":2,"minecraft:salmon":6,"minecraft:spider":5,"minecraft:cod":1,"minecraft:creeper":4,"minecraft:sheep":5,"minecraft:skeleton":8,"minecraft:zombie":9,"minecraft:chicken":4}},"DataVersion":3465}