{"stats":{"minecraft:crafted":{"minecraft:stone_sword":1,"minecraft:oak_planks":20,"minecraft:stone_axe":1,"minecraft:crafting_table":1,"minecraft:stick":8,"minecraft:wooden_pickaxe":1,"minecraft:stone_pickaxe":1},"minecraft:killed":{"minecraft:sheep":2,"minecraft:zombie":1,"minecraft:cow":1},"minecraft:mined":{"minecraft:red_tulip":1,"minecraft:oak_log":10,"minecraft:copper_ore":1,"minecraft:stone":15,"minecraft:crafting_table":1,"minecraft:white_wool":1,"minecraft:oak_leaves":1},"minecraft:used":{"minecraft:stone_axe":7,"minecraft:white_wool":1,"minecraft:stone_sword":5,"minecraft:crafting_table":1,"minecraft:stone_pickaxe":11,"minecraft:wooden_pickaxe":5},"minecraft:picked_up":{"minecraft:raw_copper":35,"minecraft:stick":1,"minecraft:apple":1,"minecraft:beef":3,"minecraft:oak_log":10,"minecraft:oak_sapling":1,"minecraft:mutton":2,"minecraft:white_wool":3,"minecraft:cobblestone":15,"minecraft:crafting_table":1},"minecraft:custom":{"minecraft:time_since_rest":14177,"minecraft:crouch_one_cm":104,"minecraft:play_time":14177,"minecraft:sprint_one_cm":13395,"minecraft:walk_one_cm":18435,"minecraft:sneak_time":92,"minecraft:mob_kills":4,"minecraft:jump":57,"minecraft:damage_dealt":290,"minecraft:leave_game":4,"minecraft:time_since_death":14177,"minecraft:total_world_time":14177,"minecraft:interact_with_crafting_table":5,"minecraft:fly_one_cm":8135,"minecraft:fall_one_cm":836}},"DataVersion":3465}