{"stats":{"minecraft:mined":{"minecraft:red_tulip":1,"minecraft:oak_log":5,"minecraft:copper_ore":1,"minecraft:stone":14,"minecraft:oak_leaves":1},"minecraft:used":{"minecraft:stone_sword":2,"minecraft:crafting_table":1,"minecraft:stone_pickaxe":10,"minecraft:wooden_pickaxe":5},"minecraft:crafted":{"minecraft:stone_sword":1,"minecraft:oak_planks":20,"minecraft:stone_axe":1,"minecraft:crafting_table":1,"minecraft:stick":8,"minecraft:wooden_pickaxe":1,"minecraft:stone_pickaxe":1},"minecraft:custom":{"minecraft:time_since_rest":7944,"minecraft:crouch_one_cm":8,"minecraft:play_time":7944,"minecraft:sprint_one_cm":3677,"minecraft:walk_one_cm":10023,"minecraft:sneak_time":31,"minecraft:mob_kills":1,"minecraft:jump":25,"minecraft:damage_dealt":80,"minecraft:leave_game":2,"minecraft:time_since_death":7944,"minecraft:total_world_time":7944,"minecraft:interact_with_crafting_table":5,"minecraft:fall_one_cm":836,"minecraft:fly_one_cm":2493},"minecraft:killed":{"minecraft:sheep":1},"minecraft:picked_up":{"minecraft:raw_copper":35,"minecraft:stick":1,"minecraft:apple":1,"minecraft:oak_log":5,"minecraft:oak_sapling":1,"minecraft:mutton":1,"minecraft:white_wool":1,"minecraft:cobblestone":14}},"DataVersion":3465}