{"stats":{"minecraft:dropped":{"create:ochrum":1,"minecraft:stone_sword":1,"minecraft:feather":1,"minecraft:rotten_flesh":3,"minecraft:gunpowder":1,"minecraft:oak_sapling":1,"minecraft:string":1},"minecraft:crafted":{"minecraft:cooked_beef":2,"minecraft:oak_planks":40,"minecraft:stone_shovel":1,"minecraft:crafting_table":1,"minecraft:iron_helmet":1,"minecraft:wooden_pickaxe":1,"minecraft:cooked_chicken":1,"minecraft:iron_sword":1,"minecraft:furnace":1,"minecraft:stone_axe":1,"minecraft:cooked_mutton":4,"minecraft:air":0,"minecraft:iron_boots":1,"minecraft:iron_chestplate":1,"minecraft:stick":60,"minecraft:iron_ingot":29,"minecraft:iron_pickaxe":1,"minecraft:stone_pickaxe":1,"minecraft:stone_sword":1,"minecraft:iron_leggings":1,"minecraft:white_bed":1,"minecraft:torch":196},"minecraft:killed":{"minecraft:spider":3,"minecraft:creeper":5,"minecraft:skeleton":1,"minecraft:sheep":3,"minecraft:zombie":14,"minecraft:chicken":1,"minecraft:cow":1},"minecraft:mined":{"create:zinc_ore":101,"create:deepslate_zinc_ore":1,"minecraft:white_bed":1,"minecraft:kelp_plant":47,"minecraft:crafting_table":5,"minecraft:torch":7,"minecraft:granite":3,"create:ochrum":1,"minecraft:copper_ore":4,"minecraft:cobblestone":6,"minecraft:kelp":1,"minecraft:diorite":1,"minecraft:wall_torch":6,"minecraft:seagrass":1,"minecraft:tall_seagrass":2,"minecraft:furnace":4,"minecraft:iron_ore":13,"minecraft:andesite":36,"minecraft:oak_log":22,"minecraft:red_tulip":1,"minecraft:coal_ore":41,"minecraft:stone":129,"minecraft:white_wool":1,"minecraft:oak_leaves":1},"minecraft:picked_up":{"minecraft:crafting_table":5,"minecraft:feather":1,"minecraft:cooked_beef":1,"minecraft:chicken":1,"minecraft:andesite":36,"create:raw_zinc":94,"minecraft:oak_log":22,"minecraft:gunpowder":3,"minecraft:string":2,"minecraft:raw_copper":91,"minecraft:apple":1,"minecraft:kelp":269,"minecraft:beef":3,"minecraft:iron_ingot":2,"minecraft:furnace":4,"minecraft:stick":1,"minecraft:raw_iron":41,"minecraft:torch":16,"minecraft:diorite":1,"minecraft:white_bed":1,"minecraft:spider_eye":1,"minecraft:arrow":2,"minecraft:rotten_flesh":13,"create:ochrum":1,"minecraft:granite":3,"minecraft:oak_sapling":1,"minecraft:mutton":4,"minecraft:coal":507,"minecraft:white_wool":4,"minecraft:cobblestone":129},"minecraft:used":{"minecraft:cooked_mutton":4,"minecraft:stone_sword":48,"minecraft:stone_pickaxe":120,"minecraft:wooden_pickaxe":5,"minecraft:iron_sword":15,"minecraft:rotten_flesh":10,"minecraft:cooked_chicken":1,"minecraft:white_wool":1,"minecraft:torch":182,"minecraft:crafting_table":5,"minecraft:white_bed":1,"minecraft:granite":3,"minecraft:apple":1,"minecraft:iron_pickaxe":218,"minecraft:stone_axe":44,"minecraft:cobblestone":42,"minecraft:furnace":4,"minecraft:cooked_beef":3,"minecraft:iron_leggings":1},"minecraft:custom":{"minecraft:interact_with_furnace":20,"minecraft:mob_kills":28,"minecraft:interact_with_crafting_table":17,"minecraft:leave_game":7,"minecraft:time_since_death":69243,"minecraft:sleep_in_bed":1,"minecraft:time_since_rest":52143,"minecraft:sprint_one_cm":92946,"minecraft:damage_taken":779,"minecraft:walk_one_cm":218649,"minecraft:drop":9,"minecraft:damage_dealt":4754,"minecraft:swim_one_cm":14806,"minecraft:fly_one_cm":107127,"minecraft:crouch_one_cm":5682,"minecraft:play_time":69243,"minecraft:sneak_time":2394,"minecraft:walk_under_water_one_cm":4603,"minecraft:jump":743,"minecraft:walk_on_water_one_cm":29789,"minecraft:total_world_time":69243,"minecraft:fall_one_cm":10201}},"DataVersion":3465}