{"stats":{"minecraft:dropped":{"create:ochrum":1,"minecraft:feather":1,"minecraft:rotten_flesh":3,"minecraft:gunpowder":1,"minecraft:oak_sapling":1,"minecraft:string":1},"minecraft:crafted":{"minecraft:cooked_beef":2,"minecraft:oak_planks":32,"minecraft:stone_shovel":1,"minecraft:crafting_table":1,"minecraft:wooden_pickaxe":1,"minecraft:cooked_chicken":1,"minecraft:furnace":1,"minecraft:stone_axe":1,"minecraft:cooked_mutton":4,"minecraft:air":0,"minecraft:stick":44,"minecraft:iron_ingot":18,"minecraft:iron_pickaxe":1,"minecraft:stone_pickaxe":1,"minecraft:stone_sword":1,"minecraft:white_bed":1,"minecraft:torch":112},"minecraft:killed":{"minecraft:spider":1,"minecraft:creeper":3,"minecraft:sheep":3,"minecraft:zombie":8,"minecraft:chicken":1,"minecraft:cow":1},"minecraft:mined":{"create:zinc_ore":57,"minecraft:white_bed":1,"minecraft:kelp_plant":47,"minecraft:crafting_table":4,"minecraft:torch":3,"create:ochrum":1,"minecraft:copper_ore":4,"minecraft:cobblestone":5,"minecraft:kelp":1,"minecraft:wall_torch":3,"minecraft:seagrass":1,"minecraft:tall_seagrass":2,"minecraft:furnace":3,"minecraft:iron_ore":7,"minecraft:andesite":35,"minecraft:oak_log":22,"minecraft:red_tulip":1,"minecraft:coal_ore":21,"minecraft:stone":86,"minecraft:white_wool":1,"minecraft:oak_leaves":1},"minecraft:picked_up":{"minecraft:crafting_table":4,"minecraft:feather":1,"minecraft:cooked_beef":1,"minecraft:chicken":1,"minecraft:andesite":35,"create:raw_zinc":50,"minecraft:oak_log":22,"minecraft:gunpowder":1,"minecraft:string":1,"minecraft:raw_copper":91,"minecraft:apple":1,"minecraft:kelp":269,"minecraft:beef":3,"minecraft:iron_ingot":2,"minecraft:furnace":3,"minecraft:stick":1,"minecraft:raw_iron":20,"minecraft:torch":9,"minecraft:white_bed":1,"minecraft:rotten_flesh":6,"create:ochrum":1,"minecraft:oak_sapling":1,"minecraft:mutton":4,"minecraft:coal":349,"minecraft:white_wool":4,"minecraft:cobblestone":86},"minecraft:used":{"minecraft:cooked_mutton":2,"minecraft:stone_sword":26,"minecraft:stone_pickaxe":120,"minecraft:wooden_pickaxe":5,"minecraft:white_wool":1,"minecraft:torch":106,"minecraft:crafting_table":4,"minecraft:white_bed":1,"minecraft:iron_pickaxe":97,"minecraft:stone_axe":38,"minecraft:cobblestone":23,"minecraft:furnace":3,"minecraft:cooked_beef":3},"minecraft:custom":{"minecraft:interact_with_furnace":12,"minecraft:mob_kills":17,"minecraft:interact_with_crafting_table":10,"minecraft:leave_game":7,"minecraft:time_since_death":53544,"minecraft:sleep_in_bed":1,"minecraft:time_since_rest":36444,"minecraft:sprint_one_cm":49204,"minecraft:damage_taken":390,"minecraft:walk_one_cm":147971,"minecraft:drop":8,"minecraft:damage_dealt":2634,"minecraft:swim_one_cm":14806,"minecraft:fly_one_cm":58224,"minecraft:crouch_one_cm":2767,"minecraft:play_time":53544,"minecraft:sneak_time":1266,"minecraft:walk_under_water_one_cm":2489,"minecraft:jump":462,"minecraft:walk_on_water_one_cm":27044,"minecraft:total_world_time":53544,"minecraft:fall_one_cm":4977}},"DataVersion":3465}