{"stats":{"minecraft:crafted":{"minecraft:oak_planks":20,"minecraft:stone_shovel":1,"minecraft:crafting_table":1,"minecraft:stick":20,"minecraft:wooden_pickaxe":1,"minecraft:stone_pickaxe":1,"minecraft:stone_sword":1,"minecraft:furnace":1,"minecraft:white_bed":1,"minecraft:torch":48,"minecraft:stone_axe":1},"minecraft:killed":{"minecraft:sheep":3,"minecraft:zombie":1,"minecraft:chicken":1,"minecraft:cow":1},"minecraft:mined":{"minecraft:seagrass":1,"minecraft:tall_seagrass":2,"minecraft:white_bed":1,"minecraft:kelp_plant":47,"minecraft:crafting_table":3,"minecraft:coal_ore":9,"minecraft:red_tulip":1,"minecraft:oak_log":22,"create:ochrum":1,"minecraft:copper_ore":4,"minecraft:stone":44,"minecraft:kelp":1,"minecraft:white_wool":1,"minecraft:oak_leaves":1},"minecraft:used":{"minecraft:stone_sword":6,"minecraft:stone_pickaxe":53,"minecraft:wooden_pickaxe":5,"minecraft:torch":16,"minecraft:stone_axe":22,"minecraft:white_wool":1,"minecraft:crafting_table":3,"minecraft:white_bed":1},"minecraft:picked_up":{"minecraft:stick":1,"minecraft:crafting_table":3,"minecraft:feather":1,"minecraft:chicken":1,"minecraft:oak_log":22,"minecraft:white_bed":1,"minecraft:raw_copper":91,"minecraft:apple":1,"minecraft:kelp":269,"create:ochrum":1,"minecraft:beef":3,"minecraft:oak_sapling":1,"minecraft:mutton":4,"minecraft:coal":153,"minecraft:white_wool":4,"minecraft:cobblestone":42},"minecraft:custom":{"minecraft:time_since_rest":9077,"minecraft:sprint_one_cm":26637,"minecraft:damage_taken":20,"minecraft:walk_one_cm":47537,"minecraft:mob_kills":6,"minecraft:damage_dealt":410,"minecraft:swim_one_cm":14806,"minecraft:interact_with_crafting_table":7,"minecraft:fly_one_cm":28570,"minecraft:crouch_one_cm":859,"minecraft:play_time":26177,"minecraft:sneak_time":364,"minecraft:walk_under_water_one_cm":2450,"minecraft:jump":197,"minecraft:walk_on_water_one_cm":21648,"minecraft:leave_game":4,"minecraft:time_since_death":26177,"minecraft:sleep_in_bed":1,"minecraft:total_world_time":26177,"minecraft:fall_one_cm":2423}},"DataVersion":3465}