{"stats":{"minecraft:dropped":{"create:ochrum":1,"minecraft:feather":1,"minecraft:rotten_flesh":3,"minecraft:gunpowder":1,"minecraft:oak_sapling":1,"minecraft:string":1},"minecraft:crafted":{"minecraft:cooked_beef":2,"minecraft:oak_planks":32,"minecraft:stone_shovel":1,"minecraft:crafting_table":1,"minecraft:wooden_pickaxe":1,"minecraft:furnace":1,"minecraft:stone_axe":1,"minecraft:air":0,"minecraft:stick":44,"minecraft:iron_ingot":3,"minecraft:iron_pickaxe":1,"minecraft:stone_pickaxe":1,"minecraft:stone_sword":1,"minecraft:white_bed":1,"minecraft:torch":112},"minecraft:killed":{"minecraft:spider":1,"minecraft:creeper":1,"minecraft:sheep":3,"minecraft:zombie":6,"minecraft:chicken":1,"minecraft:cow":1},"minecraft:mined":{"create:zinc_ore":11,"minecraft:white_bed":1,"minecraft:kelp_plant":47,"minecraft:crafting_table":4,"minecraft:torch":3,"create:ochrum":1,"minecraft:copper_ore":4,"minecraft:kelp":1,"minecraft:wall_torch":3,"minecraft:seagrass":1,"minecraft:tall_seagrass":2,"minecraft:furnace":2,"minecraft:iron_ore":2,"minecraft:andesite":32,"minecraft:oak_log":22,"minecraft:red_tulip":1,"minecraft:coal_ore":17,"minecraft:stone":71,"minecraft:white_wool":1,"minecraft:oak_leaves":1},"minecraft:used":{"minecraft:stone_sword":26,"minecraft:stone_pickaxe":120,"minecraft:wooden_pickaxe":5,"minecraft:white_wool":1,"minecraft:torch":86,"minecraft:crafting_table":4,"minecraft:white_bed":1,"minecraft:iron_pickaxe":18,"minecraft:stone_axe":28,"minecraft:cobblestone":2,"minecraft:furnace":2,"minecraft:cooked_beef":2},"minecraft:picked_up":{"minecraft:crafting_table":4,"minecraft:feather":1,"minecraft:cooked_beef":1,"minecraft:chicken":1,"minecraft:andesite":32,"create:raw_zinc":11,"minecraft:oak_log":22,"minecraft:gunpowder":1,"minecraft:string":1,"minecraft:raw_copper":91,"minecraft:apple":1,"minecraft:kelp":269,"minecraft:iron_ingot":2,"minecraft:beef":3,"minecraft:furnace":2,"minecraft:stick":1,"minecraft:raw_iron":5,"minecraft:torch":6,"minecraft:white_bed":1,"minecraft:rotten_flesh":4,"create:ochrum":1,"minecraft:oak_sapling":1,"minecraft:mutton":4,"minecraft:coal":296,"minecraft:white_wool":4,"minecraft:cobblestone":67},"minecraft:custom":{"minecraft:interact_with_furnace":9,"minecraft:mob_kills":13,"minecraft:interact_with_crafting_table":10,"minecraft:leave_game":4,"minecraft:time_since_death":38177,"minecraft:sleep_in_bed":1,"minecraft:time_since_rest":21077,"minecraft:sprint_one_cm":39651,"minecraft:damage_taken":80,"minecraft:walk_one_cm":109484,"minecraft:drop":8,"minecraft:damage_dealt":1709,"minecraft:swim_one_cm":14806,"minecraft:fly_one_cm":39106,"minecraft:crouch_one_cm":2419,"minecraft:play_time":38177,"minecraft:sneak_time":1098,"minecraft:walk_under_water_one_cm":2450,"minecraft:jump":350,"minecraft:walk_on_water_one_cm":22700,"minecraft:total_world_time":38177,"minecraft:fall_one_cm":3447}},"DataVersion":3465}