{"stats":{"minecraft:crafted":{"minecraft:oak_planks":804,"minecraft:barrel":15,"minecraft:cooked_chicken":1,"minecraft:stone":56,"easy_villagers:incubator":1,"sophisticatedbackpacks:crafting_upgrade":1,"minecraft:diamond_shovel":1,"create:mechanical_bearing":1,"create:deployer":5,"minecraft:cooked_mutton":12,"minecraft:glass":64,"minecraft:iron_boots":1,"create:mechanical_press":1,"minecraft:chest":11,"structurize:sceptergold":1,"easy_villagers:trader":1,"minecraft:stone_hoe":1,"minecolonies:resourcescroll":1,"create:cogwheel":25,"create:brass_hand":5,"minecraft:oak_slab":60,"create:depot":1,"create:rose_quartz":8,"minecraft:emerald":146,"sophisticatedbackpacks:backpack":1,"minecraft:diamond_axe":1,"minecraft:crafting_table":6,"minecraft:spruce_planks":4,"create:mechanical_saw":6,"minecraft:wooden_pickaxe":1,"minecraft:iron_helmet":1,"create:zinc_nugget":234,"minecraft:copper_ingot":64,"create:sand_paper":3,"minecraft:birch_planks":44,"sophisticatedbackpacks:upgrade_base":2,"create:mechanical_mixer":1,"create:gearbox":4,"minecraft:iron_chestplate":1,"minecraft:paper":3,"minecraft:diamond_pickaxe":1,"create:water_wheel":2,"create:portable_storage_interface":2,"create:super_glue":1,"minecraft:stick":192,"minecraft:iron_ingot":119,"minecraft:iron_pickaxe":2,"minecraft:iron_block":189,"minecraft:stone_sword":1,"create:large_cogwheel":5,"minecraft:composter":2,"minecraft:shears":1,"minecolonies:clipboard":1,"create:empty_blaze_burner":4,"create:chute":8,"minecraft:oak_door":3,"minecraft:raw_iron":9,"minecraft:stone_shovel":1,"create:wrench":1,"sophisticatedbackpacks:stack_upgrade_tier_1":1,"minecraft:furnace":3,"minecolonies:blockhutbuilder":1,"easy_villagers:iron_farm":1,"minecraft:oak_trapdoor":28,"minecraft:glass_pane":32,"minecraft:flint_and_steel":1,"minecraft:diamond":9,"minecraft:ladder":18,"minecraft:stone_pickaxe":1,"minecraft:cobblestone_wall":12,"create:basin":1,"create:electron_tube":5,"create:belt_connector":10,"create:windmill_bearing":2,"sophisticatedbackpacks:iron_backpack":1,"storagedrawers:oak_half_drawers_4":4,"minecraft:cooked_beef":45,"minecolonies:blockhuttownhall":1,"create:andesite_alloy":117,"create:hand_crank":2,"minecraft:dried_kelp":64,"minecraft:iron_sword":1,"create:large_water_wheel":1,"minecraft:bucket":1,"minecraft:stone_axe":2,"minecraft:glowstone":14,"minecraft:air":0,"minecraft:oak_fence_gate":1,"minecraft:oak_boat":1,"minecraft:white_wool":144,"create:whisk":1,"create:linear_chassis":6,"easy_villagers:breeder":2,"minecraft:iron_leggings":1,"minecraft:white_bed":12,"create:mechanical_drill":1,"create:shaft":64,"minecraft:torch":216,"create:zinc_ingot":94},"minecraft:killed":{"minecraft:spider":12,"minecraft:skeleton":8,"minecraft:chicken":1,"minecraft:piglin_brute":7,"minecolonies:archerbarbarian":1,"minecraft:wolf":1,"minecraft:piglin":15,"minecraft:pig":30,"minecraft:creeper":16,"minecraft:sheep":25,"minecraft:zombie":65,"minecraft:blaze":2,"minecraft:cow":67,"minecolonies:chiefbarbarian":1,"minecraft:horse":1,"minecraft:wither_skeleton":2,"minecraft:villager":3},"minecraft:broken":{"minecraft:stone_axe":2,"minecraft:stone_shovel":1,"minecraft:iron_pickaxe":2,"create:sand_paper":1},"minecraft:custom":{"minecraft:interact_with_crafting_table":130,"minecraft:open_barrel":6,"minecraft:leave_game":20,"minecraft:time_since_death":1180299,"minecraft:sprint_one_cm":1371684,"minecraft:drop":313,"minecraft:talked_to_villager":5,"minecraft:play_time":1890640,"minecraft:deaths":2,"minecraft:jump":10370,"minecraft:walk_on_water_one_cm":177844,"minecraft:interact_with_furnace":76,"minecraft:traded_with_villager":146,"minecraft:sleep_in_bed":68,"minecraft:waystone_activated":2,"minecraft:damage_dealt":38552,"minecraft:crouch_one_cm":102582,"minecraft:horse_one_cm":227726,"minecraft:interact_with_smithing_table":12,"minecraft:mob_kills":261,"minecraft:inspect_hopper":26,"minecraft:climb_one_cm":69762,"minecraft:walk_one_cm":3808723,"minecraft:sneak_time":43447,"minecraft:walk_under_water_one_cm":276250,"minecraft:interact_with_lectern":1,"minecraft:boat_one_cm":466968,"minecraft:total_world_time":1890640,"minecraft:time_since_rest":50712,"minecraft:damage_taken":5244,"minecraft:use_wand":17923,"minecraft:swim_one_cm":152171,"minecraft:fly_one_cm":5577354,"minecraft:open_chest":110,"minecraft:fall_one_cm":124730},"minecraft:picked_up":{"minecraft:iron_chestplate":3,"minecraft:wheat":96,"easy_villagers:breeder":3,"minecraft:iron_trapdoor":5,"minecraft:diamond_sword":1,"create:wrench":3,"minecraft:enchanted_book":2,"minecraft:golden_sword":2,"minecraft:string":1124,"minecraft:soul_soil":28,"minecraft:raw_copper":236,"minecraft:cooked_salmon":6,"minecraft:iron_leggings":3,"create:andesite_funnel":1,"create:sand_paper":4,"create:water_wheel":5,"minecraft:diamond_leggings":1,"create:mechanical_press":8,"minecraft:gold_nugget":163,"minecraft:cobbled_deepslate":128,"minecraft:bucket":3,"minecolonies:blockhutfarmer":2,"minecraft:coal_block":32,"minecraft:iron_boots":3,"minecraft:furnace":9,"minecraft:stick":332,"create:mechanical_mixer":9,"minecraft:composter":1,"minecraft:torch":111,"create:andesite_casing":14,"minecraft:porkchop":144,"minecraft:golden_axe":1,"easy_villagers:iron_farm":5,"minecraft:dried_kelp":531,"minecraft:dirt_path":1,"minecraft:music_disc_pigstep":1,"minecraft:diorite":6,"create:framed_glass":2,"minecraft:golden_chestplate":1,"easy_villagers:villager":24,"create:large_cogwheel":6,"minecraft:rotten_flesh":88,"create:ochrum":1,"minecraft:iron_block":170,"minecraft:glowstone":14,"supplementaries:ash":44,"minecraft:blaze_rod":3,"minecraft:obsidian":10,"minecraft:cobblestone":3584,"minecraft:birch_log":85,"minecraft:feather":1,"minecraft:cooked_beef":54,"minecraft:andesite":250,"constructionwand:infinity_wand":1,"minecraft:potato":64,"minecraft:golden_leggings":1,"minecolonies:blockhutcook":2,"create:belt_connector":17,"minecraft:flint":21,"minecraft:tuff":127,"create:raw_zinc":94,"domum_ornamentum:vanilla_slab_compat":1,"minecraft:map":1,"minecraft:lapis_lazuli":85,"minecraft:dirt":1453,"minecraft:lantern":1,"minecolonies:blockminecoloniesrack":47,"create:encased_chain_drive":1,"minecraft:glass":52,"minecraft:bone":12,"minecraft:bow":2,"minecraft:wheat_seeds":108,"minecraft:raw_gold":54,"easy_villagers:trader":9,"create:mechanical_drill":3,"minecraft:diamond_helmet":1,"minecraft:netherite_axe":1,"create:shaft":34,"minecraft:glowstone_dust":56,"minecraft:stone_hoe":1,"create:super_glue":3,"minecraft:oak_planks":351,"minecraft:cooked_porkchop":185,"create:cogwheel":24,"minecraft:oak_pressure_plate":1,"minecraft:sand":189,"sophisticatedbackpacks:iron_backpack":1,"minecraft:grass_block":1,"minecraft:diamond_block":2,"minecraft:dark_oak_log":54,"minecraft:barrel":36,"minecraft:emerald":151,"minecraft:clay":256,"minecraft:diamond":14,"create:filter":1,"minecraft:lever":12,"waystones:waystone":13,"minecraft:cracked_polished_blackstone_bricks":16,"minecraft:granite":21,"minecraft:golden_apple":65,"minecolonies:blockhutwarehouse":2,"minecraft:oak_sapling":383,"minecraft:netherrack":463,"minecraft:diamond_pickaxe":3,"minecraft:coarse_dirt":12,"minecraft:crafting_table":13,"create:stockpile_switch":1,"minecolonies:blockhuttownhall":1,"minecraft:azure_bluet":2,"minecraft:chicken":129,"minecraft:ladder":7,"minecolonies:scroll_buff":16,"storagedrawers:oak_half_drawers_4":5,"minecraft:gold_block":5,"minecraft:shield":1,"create:mechanical_harvester":2,"domum_ornamentum:cream_bricks":64,"minecraft:oak_trapdoor":5,"supplementaries:globe":2,"minecraft:flint_and_steel":1,"waystones:warp_scroll":1,"minecraft:glass_pane":7,"create:chute":11,"minecraft:blackstone":2,"minecolonies:blockhutguardtower":2,"minecraft:netherite_sword":1,"create:brass_funnel":1,"minecraft:beef":289,"domum_ornamentum:shingle_flat":1,"minecraft:oak_boat":15,"minecraft:lectern":1,"minecraft:light_gray_wool":1,"create:basin":3,"minecraft:iron_nugget":56,"minecraft:poppy":4,"minecraft:sugar_cane":233,"minecraft:chest":11,"minecraft:birch_sapling":12,"minecraft:spruce_trapdoor":2,"create:linear_chassis":2,"minecraft:egg":3,"create:polished_rose_quartz":6,"minecraft:dark_oak_sapling":12,"easy_villagers:incubator":3,"minecraft:raw_iron":191,"minecraft:sandstone":64,"minecraft:stone":53,"minecraft:oak_door":2,"minecraft:copper_ingot":129,"sophisticatedbackpacks:backpack":2,"minecraft:polished_blackstone_bricks":14,"create:windmill_bearing":7,"minecolonies:blockhutfield":2,"structurize:sceptergold":4,"create:hand_crank":4,"minecraft:trident":1,"minecraft:carrot":1391,"minecraft:redstone":189,"create:zinc_ingot":91,"create:vertical_gearbox":8,"create:deployer":1,"minecolonies:resourcescroll":5,"minecraft:arrow":138,"minecraft:diamond_chestplate":1,"minecraft:diamond_boots":1,"minecraft:shears":1,"domum_ornamentum:vanilla_wall_compat":1,"minecraft:hay_block":2,"minecraft:totem_of_undying":1,"minecraft:saddle":1,"create:depot":4,"minecraft:gold_ingot":12,"minecraft:bone_block":6,"minecraft:mutton":87,"minecraft:white_wool":169,"minecraft:oxeye_daisy":2,"minecraft:stripped_oak_log":26,"create:iron_sheet":2,"create:brass_sheet":4,"minecraft:basalt":2,"minecraft:golden_carrot":89,"minecraft:tripwire_hook":13,"minecraft:salmon":128,"minecraft:leather":139,"minecraft:birch_planks":37,"minecraft:chainmail_chestplate":1,"minecolonies:onion":1,"create:andesite_alloy":107,"minecraft:oak_log":1102,"domum_ornamentum:beige_bricks":64,"minecraft:lily_pad":6,"minecraft:cobblestone_wall":6,"minecraft:gunpowder":17,"create:blaze_burner":8,"minecraft:cooked_mutton":112,"minecraft:apple":232,"minecraft:kelp":790,"minecraft:heart_of_the_sea":2,"minecraft:iron_ingot":133,"minecolonies:blockhuttavern":2,"create:mechanical_bearing":1,"minecolonies:garlic":1,"create:mechanical_saw":1,"minecraft:iron_sword":2,"minecraft:soul_sand":32,"bakery:strawberry":1,"minecraft:book":6,"minecraft:oak_slab":6,"create:large_water_wheel":3,"minecraft:emerald_block":2,"minecraft:quartz":142,"minecraft:dandelion":25,"minecraft:raw_iron_block":3,"minecraft:gravel":698,"minecraft:spruce_sapling":15,"create:brass_tunnel":1,"minecraft:white_bed":27,"minecraft:spruce_log":134,"minecraft:spider_eye":4,"minecolonies:clipboard":4,"create:gearbox":8,"create:creative_motor":1,"minecraft:diamond_shovel":4,"create:brass_ingot":12,"minecraft:polished_diorite":128,"create:encased_fan":1,"minecraft:iron_helmet":3,"minecraft:diamond_axe":1,"create:portable_storage_interface":1,"minecraft:coal":1140,"minecraft:hopper":3},"minecraft:killed_by":{"minecraft:piglin":1,"minecraft:zombie":1},"minecraft:used":{"create:deployer":12,"easy_villagers:breeder":2,"minecraft:ladder":13,"create:portable_storage_interface":44,"minecraft:chest":30,"minecraft:iron_sword":207,"minecraft:stone":1675,"minecolonies:resourcescroll":27,"minecraft:rotten_flesh":22,"create:mechanical_bearing":9,"minecraft:iron_chestplate":1,"supplementaries:globe":2,"minecraft:birch_pressure_plate":1,"minecraft:soul_sand":26,"create:cogwheel":193,"create:mechanical_crafter":74,"minecraft:carrot":83,"create:depot":5,"minecraft:obsidian":10,"minecraft:lava_bucket":35,"minecraft:grass_block":18909,"minecraft:birch_sapling":5,"constructionwand:infinity_wand":34,"minecraft:iron_helmet":1,"create:millstone":96,"easy_villagers:iron_farm":21,"minecolonies:blockconstructiontape":38,"minecolonies:scepterguard":4,"create:andesite_funnel":26,"create:rotation_speed_controller":5,"create:stockpile_switch":2,"create:shaft":330,"minecraft:oak_sapling":12,"create:mechanical_drill":51,"minecraft:furnace":8,"minecraft:cooked_cod":4,"minecraft:polished_diorite_stairs":82,"domum_ornamentum:vanilla_slab_compat":1,"minecraft:diorite":14,"minecraft:oak_planks":54,"minecraft:stone_pickaxe":120,"minecraft:wooden_pickaxe":5,"minecraft:composter":1,"minecraft:diamond_axe":589,"create:mechanical_saw":12,"minecraft:oak_leaves":16,"minecraft:white_wool":5,"minecraft:sand":75,"minecolonies:blockminecoloniesrack":33,"minecraft:sponge":58,"minecraft:shears":42,"waystones:waystone":1,"minecraft:lever":12,"easy_villagers:villager":11,"create:display_link":36,"minecraft:birch_slab":40,"minecraft:string":89,"minecraft:lectern":2,"minecraft:deepslate":4,"minecraft:gravel":15,"minecraft:diamond_sword":26,"minecraft:netherite_sword":2,"create:basin":5,"minecraft:oak_fence":5,"storagedrawers:oak_full_drawers_1":2,"minecraft:andesite":14,"storagedrawers:oak_half_drawers_4":3,"create:clipboard":2,"create:large_cogwheel":50,"create:framed_glass":1264,"create:vertical_gearbox":79,"minecraft:coarse_dirt":10,"minecraft:oak_boat":13,"minecraft:oak_trapdoor":41,"minecraft:trident":109,"minecraft:experience_bottle":1,"minecraft:stone_sword":48,"minecraft:flint_and_steel":4,"create:item_vault":158,"minecraft:stone_shovel":133,"domum_ornamentum:vanilla_wall_compat":2,"minecraft:stone_hoe":80,"minecraft:cooked_chicken":1,"minecraft:netherrack":278,"domum_ornamentum:shingle_flat_lower":2,"minecraft:torch":237,"minecraft:dirt":2079,"supplementaries:flint_block":4,"create:mechanical_mixer":12,"minecraft:hopper":13,"minecraft:cobblestone_wall":23,"minecraft:oak_fence_gate":1,"minecraft:granite":3,"create:chute":58,"create:gearbox":160,"minecraft:iron_block":108,"create:wrench":469,"easy_villagers:trader":8,"minecraft:iron_boots":1,"minecraft:barrel":6,"create:creative_motor":9,"minecraft:light_gray_wool":26,"create:encased_chain_drive":42,"minecraft:tripwire_hook":18,"minecraft:golden_carrot":28,"minecraft:beef":5,"minecraft:iron_trapdoor":12,"easy_villagers:incubator":3,"torchmaster:megatorch":1,"create:content_observer":1,"minecraft:cooked_beef":24,"create:belt_connector":121,"create:gearshift":7,"minecraft:iron_leggings":2,"minecraft:cooked_mutton":24,"minecraft:water_bucket":605,"minecraft:cobblestone_stairs":17,"minecraft:dirt_path":5,"create:brass_tunnel":4,"minecraft:cobblestone_slab":197,"create:blaze_burner":3,"minecraft:diamond_block":1,"minecraft:tnt":6,"create:encased_fan":62,"create:brass_funnel":35,"minecraft:crafting_table":15,"minecraft:oak_slab":4,"create:mechanical_harvester":42,"minecraft:white_bed":34,"minecraft:campfire":16,"create:filter":17,"minecolonies:supplychestdeployer":1,"minecraft:oak_log":41,"create:linear_chassis":89,"minecraft:diamond_pickaxe":2142,"minecraft:apple":1,"minecraft:diamond_shovel":1038,"create:mechanical_press":11,"create:windmill_bearing":5,"minecraft:cracked_polished_blackstone_bricks":12,"minecraft:iron_pickaxe":500,"minecraft:map":1,"domum_ornamentum:shingle_flat":2,"create:water_wheel":6,"minecraft:spruce_trapdoor":34,"create:large_water_wheel":82,"minecraft:stone_axe":176,"minecraft:cobblestone":892,"minecraft:bucket":107,"minecolonies:clipboard":1,"create:hand_crank":3,"create:display_board":47,"create:clutch":12,"minecraft:stripped_oak_log":23,"minecraft:kelp":426,"create:redstone_link":2,"structurize:sceptergold":5},"minecraft:mined":{"create:deepslate_zinc_ore":1,"minecraft:white_bed":25,"minecraft:oak_sapling":1,"create:andesite_casing":9,"minecraft:spruce_trapdoor":2,"minecraft:granite":16,"minecraft:grass_block":789,"minecolonies:blockhutfarmer":1,"minecraft:cracked_polished_blackstone_bricks":9,"storagedrawers:oak_half_drawers_4":2,"minecraft:oak_pressure_plate":1,"minecraft:soul_soil":15,"minecraft:hopper":2,"minecolonies:blockhutwarehouse":1,"minecraft:polished_blackstone_bricks":12,"minecraft:tall_seagrass":32,"minecraft:raw_iron_block":2,"minecraft:glowstone":20,"minecolonies:blockconstructiontape":2,"minecraft:iron_ore":18,"minecraft:barrel":6,"minecraft:fire":2,"easy_villagers:breeder":2,"supplementaries:globe":1,"minecraft:azure_bluet":1,"minecraft:red_tulip":1,"minecraft:iron_block":2,"create:mechanical_press":8,"minecraft:tripwire":43,"minecraft:deepslate_redstone_ore":3,"create:cogwheel":15,"minecraft:blackstone":2,"minecraft:kelp_plant":47,"minecraft:crimson_nylium":2,"minecraft:torch":23,"minecraft:poppy":1,"minecraft:chest":9,"minecolonies:blockhutcook":1,"minecraft:nether_quartz_ore":9,"minecraft:cobblestone":67,"minecraft:oak_planks":38,"minecraft:sugar_cane":36,"minecraft:wall_torch":9,"create:basin":3,"minecraft:seagrass":30,"minecraft:birch_log":46,"create:mechanical_mixer":9,"minecraft:grass":429,"minecraft:oak_log":250,"create:hand_crank":3,"minecraft:dirt":192,"minecraft:sand":79,"minecolonies:blockhutfield":1,"minecraft:smooth_basalt":1,"minecraft:tripwire_hook":4,"create:linear_chassis":1,"minecraft:netherrack":361,"minecraft:deepslate":65,"minecraft:oak_leaves":65,"minecraft:emerald_block":1,"create:zinc_ore":102,"minecraft:diamond_ore":1,"minecraft:nether_gold_ore":3,"minecraft:tuff":89,"minecraft:deepslate_diamond_ore":1,"minecraft:dark_oak_leaves":41,"minecolonies:blockhuttownhall":2,"minecraft:dark_oak_log":18,"minecraft:lever":2,"minecraft:ladder":1,"create:large_cogwheel":5,"minecolonies:blockhuttavern":1,"create:ochrum":1,"create:depot":4,"minecraft:spruce_leaves":50,"minecraft:kelp":1,"minecraft:sandstone":34,"minecraft:large_fern":1,"minecraft:hay_block":1,"create:shaft":2,"minecraft:oak_trapdoor":6,"easy_villagers:iron_farm":3,"minecraft:furnace":8,"minecraft:carrots":13,"minecolonies:blockminecoloniesrack":35,"minecraft:andesite":250,"minecraft:diamond_block":2,"create:windmill_bearing":2,"minecraft:gold_block":2,"minecraft:deepslate_iron_ore":33,"easy_villagers:trader":6,"minecraft:stripped_oak_log":26,"minecraft:packed_ice":1,"minecraft:stone":1500,"minecraft:white_wool":3,"minecraft:soul_sand":30,"minecraft:basalt":3,"minecraft:dandelion":9,"minecraft:crafting_table":12,"minecraft:cornflower":1,"create:water_wheel":4,"minecraft:copper_ore":6,"minecraft:tall_grass":94,"minecraft:lapis_ore":4,"minecraft:deepslate_gold_ore":5,"minecraft:diorite":11,"minecolonies:blockhutguardtower":1,"supplementaries:urn":6,"create:water_wheel_structure":1,"create:blaze_burner":2,"easy_villagers:incubator":3,"minecraft:coarse_dirt":12,"create:gearbox":5,"minecraft:sweet_berry_bush":1,"minecraft:spruce_log":6,"minecraft:birch_leaves":30,"minecraft:coal_ore":48,"minecraft:gravel":99,"minecraft:cobweb":15},"minecraft:dropped":{"create:belt_connector":1,"minecraft:iron_sword":1,"minecraft:soul_sand":3,"minecraft:oak_pressure_plate":1,"minecraft:lantern":1,"create:filter":5,"minecraft:flint":3,"minecraft:cobblestone_stairs":1,"minecraft:dirt":36,"minecraft:polished_diorite_stairs":1,"create:stockpile_switch":1,"minecraft:polished_blackstone_bricks":8,"minecraft:birch_log":5,"minecraft:white_wool":4,"minecraft:bone":8,"minecraft:gravel":69,"minecraft:sugar_cane":1,"minecraft:iron_nugget":37,"minecraft:birch_sapling":3,"minecraft:rotten_flesh":44,"minecraft:lime_dye":1,"minecraft:cooked_mutton":58,"domum_ornamentum:double_crossed":1,"minecraft:carrot":1399,"minecolonies:resourcescroll":3,"minecraft:poppy":498,"minecraft:gunpowder":3,"create:gearbox":1,"create:brass_ingot":28,"structurize:sceptergold":1,"minecraft:arrow":3,"minecraft:netherrack":1,"minecraft:iron_ingot":197,"minecraft:oak_slab":2,"minecraft:wheat_seeds":28,"minecraft:iron_helmet":1,"minecraft:golden_axe":1,"minecraft:feather":1,"minecraft:cobblestone":2,"minecraft:copper_ingot":34,"minecraft:grass_block":6,"minecraft:coal":1,"minecraft:stick":13,"minecolonies:onion":1,"minecraft:diorite":2,"minecraft:golden_carrot":46,"minecraft:torch":53,"minecraft:iron_leggings":1,"minecraft:dried_kelp":40,"minecraft:string":838,"minecraft:lily_pad":6,"minecraft:dandelion":4,"create:brass_funnel":1,"minecraft:kelp":85,"create:ochrum":1,"create:shaft":1,"minecraft:stone_sword":1,"minecraft:coarse_dirt":2,"minecraft:blaze_rod":1,"minecraft:cobblestone_wall":1,"minecraft:raw_iron":1,"minecraft:iron_boots":1,"minecraft:filled_map":1,"minecraft:cobblestone_slab":1,"create:zinc_ingot":28,"minecraft:diamond_pickaxe":2,"minecraft:iron_chestplate":1,"minecraft:andesite":1,"minecraft:golden_leggings":1,"minecraft:oak_sapling":19,"minecraft:golden_sword":2,"minecraft:spider_eye":3,"minecraft:spruce_log":5,"minecraft:sandstone":1,"minecraft:bow":1,"minecraft:stone_pickaxe":1,"minecraft:wooden_pickaxe":1,"waystones:waystone":1,"create:framed_glass":1}},"DataVersion":3465}