{"stats":{"minecraft:custom":{"minecraft:interact_with_furnace":1,"minecraft:mob_kills":33,"minecraft:inspect_hopper":1,"minecraft:interact_with_crafting_table":12,"minecraft:interact_with_campfire":4,"minecraft:pot_flower":3,"minecraft:leave_game":3,"minecraft:time_since_death":8840,"minecraft:sleep_in_bed":2,"minecraft:climb_one_cm":434,"minecraft:time_since_rest":4025,"minecraft:sprint_one_cm":65869,"minecraft:damage_taken":513,"minecraft:walk_one_cm":154653,"minecraft:drop":11,"minecraft:damage_dealt":3308,"minecraft:talked_to_villager":31,"minecraft:fly_one_cm":191132,"minecraft:open_chest":5,"minecraft:crouch_one_cm":1844,"minecraft:play_time":48930,"minecraft:deaths":1,"minecraft:sneak_time":1197,"minecraft:jump":317,"minecraft:walk_on_water_one_cm":161,"minecraft:total_world_time":48930,"minecraft:fall_one_cm":6484},"minecraft:mined":{"minecraft:acacia_leaves":1,"minecraft:white_bed":3,"minecraft:potted_blue_orchid":1,"minecraft:oak_fence":2,"minecraft:crafting_table":5,"minecraft:grass_block":1,"minecraft:stone_brick_wall":9,"minecraft:rose_bush":3,"minecraft:lectern":33,"minecraft:tall_grass":1,"minecraft:potted_bamboo":1,"minecraft:oak_planks":3,"minecraft:hay_block":13,"minecraft:spruce_stairs":1,"minecraft:furnace":1,"minecraft:cobblestone_wall":1,"minecraft:lilac":3,"minecraft:anvil":1,"minecraft:dark_oak_stairs":1,"minecraft:grass":14,"minecraft:bookshelf":23,"minecraft:oak_log":17,"minecraft:oak_stairs":4,"minecraft:iron_bars":5,"minecraft:lantern":1,"minecraft:stripped_oak_log":12,"minecraft:cobweb":29,"minecraft:stone_bricks":7,"minecraft:stone":24,"minecraft:oak_leaves":2},"minecraft:killed":{"minecraft:pig":8,"minecraft:spider":1,"minecraft:iron_golem":1,"minecraft:squid":1,"minecraft:sheep":12,"alexsmobs:fly":3,"minecraft:cow":7},"minecraft:picked_up":{"minecraft:stripped_oak_log":12,"minecraft:crafting_table":5,"minecraft:flower_pot":3,"minecraft:lilac":2,"minecraft:anvil":1,"minecraft:leather":8,"minecraft:oak_stairs":4,"minecraft:stone_brick_wall":9,"minecraft:oak_log":16,"minecraft:cobblestone_wall":1,"minecraft:dirt":1,"minecraft:string":29,"minecraft:lantern":5,"minecraft:cooked_mutton":4,"minecraft:blue_orchid":1,"minecraft:apple":2,"minecraft:wheat_seeds":3,"minecraft:iron_ingot":4,"minecraft:beef":13,"minecraft:rose_bush":9,"minecraft:poppy":2,"minecraft:bamboo":4,"minecraft:lectern":33,"minecraft:oak_planks":3,"minecraft:dark_oak_stairs":2,"minecraft:furnace":1,"minecraft:book":69,"minecraft:stick":6,"minecraft:oak_fence":2,"minecraft:porkchop":18,"minecraft:ink_sac":1,"minecraft:white_bed":4,"minecraft:hay_block":13,"alexsmobs:maggot":4,"minecraft:oak_sapling":9,"minecraft:mutton":18,"minecraft:iron_bars":5,"minecraft:cobblestone":24,"minecraft:white_wool":12},"minecraft:crafted":{"minecraft:oak_planks":96,"minecraft:oak_slab":12,"minecraft:stone_shovel":1,"minecraft:crafting_table":1,"comforts:sleeping_bag_white":1,"minecraft:wooden_pickaxe":1,"minecraft:furnace":1,"minecraft:stone_axe":1,"minecraft:bookshelf":3,"minecraft:bread":39,"minecraft:lectern":3,"minecraft:iron_axe":1,"minecraft:stick":12,"minecraft:stone_pickaxe":1,"minecraft:stone_sword":1,"minecraft:chest":2,"minecraft:wheat":117},"minecraft:killed_by":{"minecraft:iron_golem":1},"minecraft:broken":{"minecraft:stone_axe":1},"minecraft:dropped":{"minecraft:dark_oak_stairs":2,"minecraft:cobblestone_wall":1,"minecraft:white_bed":2,"minecraft:dirt":1,"minecraft:flower_pot":1,"minecraft:oak_stairs":1,"minecraft:bamboo":3},"minecraft:used":{"minecraft:stone_sword":42,"minecraft:stone_pickaxe":47,"minecraft:oak_planks":8,"minecraft:chest":2,"minecraft:wooden_pickaxe":3,"minecraft:anvil":1,"minecraft:crafting_table":6,"minecraft:flower_pot":2,"minecraft:iron_axe":31,"minecraft:bread":1,"minecraft:lectern":34,"minecraft:stone_axe":112,"minecraft:furnace":1,"alexsmobs:animal_dictionary":2}},"DataVersion":3465}