{"stats":{"minecraft:dropped":{"create:ochrum":1,"minecraft:feather":1,"minecraft:rotten_flesh":3,"minecraft:gunpowder":1,"minecraft:oak_sapling":1,"minecraft:string":1},"minecraft:crafted":{"minecraft:cooked_beef":2,"minecraft:oak_planks":32,"minecraft:stone_shovel":1,"minecraft:crafting_table":1,"minecraft:wooden_pickaxe":1,"minecraft:cooked_chicken":1,"minecraft:furnace":1,"minecraft:stone_axe":1,"minecraft:cooked_mutton":4,"minecraft:air":0,"minecraft:stick":44,"minecraft:iron_ingot":18,"minecraft:iron_pickaxe":1,"minecraft:stone_pickaxe":1,"minecraft:stone_sword":1,"minecraft:white_bed":1,"minecraft:torch":136},"minecraft:killed":{"minecraft:spider":2,"minecraft:creeper":3,"minecraft:skeleton":1,"minecraft:sheep":3,"minecraft:zombie":11,"minecraft:chicken":1,"minecraft:cow":1},"minecraft:mined":{"create:zinc_ore":72,"minecraft:white_bed":1,"minecraft:kelp_plant":47,"minecraft:crafting_table":4,"minecraft:torch":3,"create:ochrum":1,"minecraft:copper_ore":4,"minecraft:cobblestone":5,"minecraft:kelp":1,"minecraft:wall_torch":3,"minecraft:seagrass":1,"minecraft:tall_seagrass":2,"minecraft:furnace":3,"minecraft:iron_ore":10,"minecraft:andesite":35,"minecraft:oak_log":22,"minecraft:red_tulip":1,"minecraft:coal_ore":22,"minecraft:stone":89,"minecraft:white_wool":1,"minecraft:oak_leaves":1},"minecraft:picked_up":{"minecraft:crafting_table":4,"minecraft:feather":1,"minecraft:cooked_beef":1,"minecraft:chicken":1,"minecraft:andesite":35,"create:raw_zinc":65,"minecraft:oak_log":22,"minecraft:gunpowder":1,"minecraft:string":2,"minecraft:raw_copper":91,"minecraft:apple":1,"minecraft:kelp":269,"minecraft:beef":3,"minecraft:iron_ingot":2,"minecraft:furnace":3,"minecraft:stick":1,"minecraft:raw_iron":31,"minecraft:torch":9,"minecraft:white_bed":1,"minecraft:arrow":2,"minecraft:rotten_flesh":8,"create:ochrum":1,"minecraft:oak_sapling":1,"minecraft:mutton":4,"minecraft:coal":352,"minecraft:white_wool":4,"minecraft:cobblestone":89},"minecraft:used":{"minecraft:cooked_mutton":4,"minecraft:stone_sword":44,"minecraft:stone_pickaxe":120,"minecraft:wooden_pickaxe":5,"minecraft:cooked_chicken":1,"minecraft:white_wool":1,"minecraft:torch":121,"minecraft:crafting_table":4,"minecraft:white_bed":1,"minecraft:iron_pickaxe":119,"minecraft:stone_axe":41,"minecraft:cobblestone":26,"minecraft:furnace":3,"minecraft:cooked_beef":3},"minecraft:custom":{"minecraft:interact_with_furnace":12,"minecraft:mob_kills":22,"minecraft:interact_with_crafting_table":10,"minecraft:leave_game":7,"minecraft:time_since_death":57243,"minecraft:sleep_in_bed":1,"minecraft:time_since_rest":40143,"minecraft:sprint_one_cm":58224,"minecraft:damage_taken":560,"minecraft:walk_one_cm":168180,"minecraft:drop":8,"minecraft:damage_dealt":3593,"minecraft:swim_one_cm":14806,"minecraft:fly_one_cm":69038,"minecraft:crouch_one_cm":3247,"minecraft:play_time":57243,"minecraft:sneak_time":1467,"minecraft:walk_under_water_one_cm":2489,"minecraft:jump":513,"minecraft:walk_on_water_one_cm":27044,"minecraft:total_world_time":57243,"minecraft:fall_one_cm":6649}},"DataVersion":3465}