{"stats":{"minecraft:custom":{"lootr:looted_stat":1,"minecraft:mob_kills":33,"minecraft:interact_with_anvil":1,"minecraft:inspect_hopper":1,"minecraft:interact_with_crafting_table":14,"minecraft:interact_with_campfire":4,"minecraft:leave_game":3,"minecraft:time_since_death":56840,"minecraft:climb_one_cm":1190,"minecraft:sprint_one_cm":129576,"minecraft:walk_one_cm":225047,"minecraft:drop":21,"minecraft:talked_to_villager":89,"minecraft:play_time":96930,"minecraft:deaths":1,"minecraft:sneak_time":2784,"minecraft:walk_under_water_one_cm":7822,"minecraft:jump":684,"minecraft:walk_on_water_one_cm":19898,"minecraft:total_world_time":96930,"minecraft:interact_with_furnace":1,"minecraft:traded_with_villager":1,"minecraft:pot_flower":3,"minecraft:sleep_in_bed":5,"minecraft:waystone_activated":1,"minecraft:time_since_rest":10977,"minecraft:damage_taken":723,"minecraft:damage_dealt":3308,"minecraft:swim_one_cm":34883,"minecraft:fly_one_cm":274061,"minecraft:open_chest":8,"minecraft:crouch_one_cm":5193,"minecraft:fall_one_cm":13818,"minecraft:horse_one_cm":19693},"minecraft:mined":{"minecraft:white_bed":3,"minecraft:stone_pressure_plate":1,"minecraft:potted_blue_orchid":1,"minecraft:stone_brick_wall":9,"minecraft:grass_block":5,"minecraft:coal_block":8,"minecraft:spruce_leaves":3,"minecraft:potted_bamboo":1,"minecraft:kelp":15,"minecraft:large_fern":1,"minecraft:hay_block":24,"minecraft:tall_seagrass":1,"minecraft:furnace":2,"minecraft:carrots":1,"minecraft:pumpkin":10,"minecraft:anvil":1,"minecraft:dark_oak_stairs":1,"minecraft:bookshelf":23,"minecraft:oak_stairs":4,"minecraft:iron_bars":5,"minecraft:lantern":1,"minecraft:stripped_oak_log":12,"minecraft:stone":39,"minecraft:iron_block":2,"minecraft:oak_slab":1,"minecraft:acacia_leaves":1,"minecraft:scaffolding":1,"minecraft:kelp_plant":31,"minecraft:oak_fence":4,"minecraft:crafting_table":5,"minecraft:rose_bush":3,"minecraft:lectern":78,"minecraft:tall_grass":1,"minecraft:sugar_cane":3,"minecraft:oak_planks":4,"minecraft:seagrass":1,"minecraft:spruce_stairs":5,"minecraft:cobblestone_wall":1,"minecraft:lilac":3,"minecraft:spruce_log":12,"minecraft:grass":16,"minecraft:oak_log":40,"minecraft:coal_ore":4,"minecraft:dirt":4,"minecraft:cobweb":29,"minecraft:stone_bricks":12,"minecraft:oak_leaves":7},"minecraft:killed":{"minecraft:spider":1,"minecraft:pig":8,"minecraft:iron_golem":1,"minecraft:squid":1,"minecraft:sheep":12,"alexsmobs:fly":3,"minecraft:cow":7},"minecraft:picked_up":{"minecraft:fishing_rod":1,"minecraft:crafting_table":5,"minecraft:anvil":1,"minecraft:flower_pot":3,"minecraft:oak_stairs":4,"minecraft:stone_brick_wall":9,"minecraft:enchanted_book":1,"minecraft:string":29,"minecraft:flint_and_steel":1,"minecraft:item_frame":5,"minecraft:compass":1,"minecraft:iron_shovel":2,"minecraft:experience_bottle":1,"minecraft:blue_orchid":1,"comforts:sleeping_bag_white":3,"minecraft:beef":13,"minecraft:rose_bush":9,"minecraft:poppy":2,"minecraft:iron_pickaxe":4,"minecraft:lectern":80,"minecraft:sugar_cane":9,"minecraft:coal_block":8,"minecraft:furnace":2,"minecraft:stick":6,"minecraft:oak_fence":4,"minecraft:spruce_stairs":4,"sophisticatedbackpacks:backpack":2,"minecraft:porkchop":18,"minecraft:carrot":1,"minecraft:iron_horse_armor":1,"minecraft:stone_pressure_plate":1,"minecraft:shears":1,"minecraft:hay_block":24,"minecraft:iron_block":2,"minecraft:gold_ingot":1,"minecraft:mutton":18,"minecraft:iron_bars":5,"minecraft:white_wool":12,"minecraft:cobblestone":38,"minecraft:stripped_oak_log":12,"minecraft:lilac":2,"minecraft:leather":8,"minecraft:oak_log":37,"minecraft:cobblestone_wall":1,"minecraft:lapis_lazuli":1,"minecraft:dirt":7,"minecraft:lantern":6,"minecraft:name_tag":1,"minecraft:cooked_mutton":4,"minecraft:kelp":129,"minecraft:apple":2,"minecraft:wheat_seeds":5,"minecraft:iron_ingot":5,"minecraft:bamboo":4,"minecraft:oak_planks":4,"minecraft:dark_oak_stairs":2,"minecraft:book":69,"minecraft:oak_slab":1,"minecraft:pumpkin":9,"minecraft:spruce_sapling":6,"minecraft:ink_sac":1,"minecraft:white_bed":4,"minecraft:spruce_log":12,"minecraft:stone_axe":1,"waystones:waystone":1,"minecraft:emerald":1,"alexsmobs:maggot":4,"minecraft:oak_sapling":10,"minecraft:coal":4},"minecraft:crafted":{"minecraft:oak_planks":96,"minecraft:stone_shovel":1,"comforts:sleeping_bag_white":1,"minecraft:furnace":1,"minecraft:bookshelf":3,"minecraft:iron_boots":1,"minecraft:iron_axe":1,"minecraft:stone_pickaxe":1,"minecraft:chest":3,"minecraft:wheat":117,"minecraft:oak_slab":12,"sophisticatedbackpacks:backpack":1,"minecraft:emerald":1,"minecraft:crafting_table":1,"minecraft:wooden_pickaxe":1,"minecraft:stone_axe":1,"minecraft:bread":39,"minecraft:lectern":3,"minecraft:iron_chestplate":1,"minecraft:stick":12,"minecraft:iron_ingot":18,"minecraft:stone_sword":1,"minecraft:iron_leggings":1},"minecraft:broken":{"minecraft:stone_axe":1},"minecraft:killed_by":{"minecraft:iron_golem":1},"minecraft:dropped":{"minecraft:dark_oak_stairs":2,"minecraft:lantern":1,"minecraft:coal":4,"minecraft:item_frame":4,"minecraft:dirt":1,"minecraft:ink_sac":1,"minecraft:oak_stairs":1,"minecraft:cobblestone_wall":1,"sophisticatedbackpacks:backpack":2,"minecraft:white_bed":2,"minecraft:carrot":1,"minecraft:flower_pot":1,"minecraft:stone_pressure_plate":1,"minecraft:bamboo":3,"minecraft:lectern":2},"minecraft:used":{"minecraft:stone_sword":42,"minecraft:stone_shovel":6,"minecraft:chest":2,"minecraft:dirt":6,"minecraft:anvil":1,"minecraft:spruce_stairs":4,"minecraft:iron_axe":135,"minecraft:item_frame":1,"minecraft:furnace":1,"comforts:sleeping_bag_white":3,"minecraft:stone_pickaxe":85,"minecraft:oak_planks":35,"minecraft:wooden_pickaxe":3,"minecraft:oak_slab":1,"minecraft:crafting_table":6,"minecraft:flower_pot":2,"minecraft:bread":7,"minecraft:iron_pickaxe":4,"minecraft:lectern":79,"minecraft:stone_axe":112,"minecraft:cobblestone":15,"alexsmobs:animal_dictionary":2}},"DataVersion":3465}