{"stats":{"minecraft:mined":{"minecraft:red_tulip":1,"minecraft:oak_log":5,"minecraft:copper_ore":1,"minecraft:stone":14,"minecraft:white_wool":1,"minecraft:oak_leaves":1},"minecraft:used":{"minecraft:white_wool":1,"minecraft:stone_sword":3,"minecraft:crafting_table":1,"minecraft:stone_pickaxe":10,"minecraft:wooden_pickaxe":5},"minecraft:crafted":{"minecraft:stone_sword":1,"minecraft:oak_planks":20,"minecraft:stone_axe":1,"minecraft:crafting_table":1,"minecraft:stick":8,"minecraft:wooden_pickaxe":1,"minecraft:stone_pickaxe":1},"minecraft:custom":{"minecraft:time_since_rest":9360,"minecraft:crouch_one_cm":8,"minecraft:play_time":9360,"minecraft:sprint_one_cm":3850,"minecraft:walk_one_cm":13022,"minecraft:sneak_time":32,"minecraft:mob_kills":2,"minecraft:jump":29,"minecraft:damage_dealt":110,"minecraft:leave_game":3,"minecraft:time_since_death":9360,"minecraft:total_world_time":9360,"minecraft:interact_with_crafting_table":5,"minecraft:fly_one_cm":2493,"minecraft:fall_one_cm":836},"minecraft:killed":{"minecraft:sheep":1,"minecraft:zombie":1},"minecraft:picked_up":{"minecraft:raw_copper":35,"minecraft:stick":1,"minecraft:apple":1,"minecraft:oak_log":5,"minecraft:oak_sapling":1,"minecraft:mutton":1,"minecraft:white_wool":2,"minecraft:cobblestone":14}},"DataVersion":3465}