{"stats":{"minecraft:custom":{"minecraft:interact_with_smithing_table":1,"lootr:looted_stat":7,"minecraft:interact_with_anvil":1,"minecraft:mob_kills":49,"minecraft:inspect_hopper":1,"minecraft:interact_with_crafting_table":21,"minecraft:open_barrel":1,"minecraft:interact_with_campfire":4,"minecraft:leave_game":8,"minecraft:time_since_death":110708,"minecraft:climb_one_cm":3191,"minecraft:sprint_one_cm":240738,"minecraft:walk_one_cm":429953,"minecraft:drop":26,"minecraft:talked_to_villager":90,"minecraft:play_time":214490,"minecraft:deaths":3,"minecraft:sneak_time":5549,"minecraft:walk_under_water_one_cm":12584,"minecraft:jump":1240,"minecraft:walk_on_water_one_cm":23339,"minecraft:total_world_time":214490,"minecraft:interact_with_furnace":6,"minecraft:traded_with_villager":1,"minecraft:pot_flower":3,"minecraft:sleep_in_bed":11,"minecraft:waystone_activated":2,"minecraft:time_since_rest":48182,"minecraft:damage_taken":1634,"minecraft:damage_dealt":5807,"minecraft:swim_one_cm":45523,"minecraft:fly_one_cm":368841,"minecraft:open_chest":41,"minecraft:crouch_one_cm":8594,"minecraft:fall_one_cm":24116,"minecraft:horse_one_cm":21697},"minecraft:mined":{"minecraft:spruce_planks":5,"minecraft:stone_pressure_plate":1,"minecraft:white_bed":3,"minecraft:potted_blue_orchid":1,"minecraft:stone_brick_wall":9,"minecraft:grass_block":32,"minecraft:coal_block":24,"minecraft:spruce_leaves":3,"minecraft:potted_bamboo":1,"minecraft:kelp":15,"minecraft:oxeye_daisy":2,"minecraft:large_fern":1,"minecraft:hay_block":24,"minecraft:tall_seagrass":3,"minecraft:carrots":1,"minecraft:furnace":2,"minecraft:iron_ore":12,"minecraft:barrel":2,"minecraft:andesite":71,"minecraft:stripped_spruce_log":4,"minecraft:pumpkin":12,"minecraft:anvil":1,"minecraft:dark_oak_stairs":1,"minecraft:bookshelf":23,"minecraft:dirt_path":1,"minecraft:oak_stairs":4,"minecraft:iron_bars":5,"minecraft:lantern":1,"minecraft:stripped_oak_log":12,"minecraft:stone":82,"minecraft:iron_block":3,"minecraft:white_wool":3,"bountiful:bountyboard":1,"minecraft:oak_slab":1,"minecraft:acacia_leaves":1,"minecraft:scaffolding":1,"minecraft:kelp_plant":31,"minecraft:dandelion":10,"minecraft:crafting_table":6,"minecraft:oak_fence":4,"minecraft:clay":16,"minecraft:cornflower":3,"minecraft:rose_bush":3,"minecraft:lectern":78,"minecraft:tall_grass":13,"minecraft:cobblestone":2,"minecraft:oak_planks":5,"minecraft:sugar_cane":6,"minecraft:diorite":12,"minecraft:spruce_stairs":5,"minecraft:seagrass":1,"minecraft:cobblestone_wall":1,"minecraft:lilac":3,"minecraft:spruce_log":97,"chipped:edge_cut_spruce_log":2,"minecraft:grass":194,"minecraft:oak_log":79,"minecraft:coal_ore":7,"minecraft:gravel":1,"minecraft:dirt":6,"minecraft:cobweb":31,"minecraft:stone_bricks":12,"minecraft:oak_leaves":9},"minecraft:killed":{"minecraft:cave_spider":1,"minecraft:spider":1,"alexsmobs:bison":2,"minecraft:pig":12,"minecraft:iron_golem":1,"minecraft:squid":1,"minecraft:sheep":17,"alexsmobs:catfish":1,"minecraft:zombie":2,"alexsmobs:terrapin":1,"alexsmobs:fly":3,"minecraft:cow":7},"minecraft:picked_up":{"minecraft:fishing_rod":1,"minecraft:crafting_table":6,"minecraft:anvil":1,"minecraft:clay_ball":56,"minecraft:flower_pot":3,"minecraft:leather_leggings":1,"minecraft:oak_stairs":4,"minecraft:stone_brick_wall":9,"minecraft:enchanted_book":1,"minecraft:cornflower":4,"minecraft:string":33,"minecraft:item_frame":5,"minecraft:flint_and_steel":1,"minecraft:armor_stand":4,"minecraft:compass":1,"minecraft:iron_shovel":2,"minecraft:experience_bottle":1,"minecraft:blue_orchid":1,"comforts:sleeping_bag_white":8,"minecraft:spruce_planks":5,"minecraft:beef":29,"minecraft:rose_bush":9,"minecraft:poppy":2,"minecraft:iron_pickaxe":5,"minecraft:light_gray_wool":1,"minecraft:lectern":80,"minecraft:coal_block":24,"minecraft:sugar_cane":15,"minecraft:furnace":2,"minecraft:stick":20,"minecraft:raw_iron":12,"minecraft:oak_fence":4,"minecraft:spruce_stairs":4,"sophisticatedbackpacks:backpack":2,"minecraft:porkchop":27,"minecraft:diorite":11,"minecraft:carrot":1,"minecraft:iron_horse_armor":1,"minecraft:stone_pressure_plate":1,"minecraft:rotten_flesh":3,"minecraft:shears":1,"minecraft:hay_block":24,"minecraft:iron_block":3,"minecraft:gold_ingot":1,"bountiful:bountyboard":1,"minecraft:mutton":25,"minecraft:iron_bars":5,"minecraft:white_wool":19,"minecraft:cobblestone":82,"minecraft:oxeye_daisy":2,"minecraft:stripped_oak_log":12,"minecraft:lilac":2,"minecraft:andesite":71,"minecraft:leather":8,"alexsmobs:bison_fur":3,"minecraft:oak_log":76,"minecraft:cobblestone_wall":1,"minecraft:lapis_lazuli":1,"minecraft:dirt":36,"minecraft:lantern":8,"minecraft:name_tag":1,"minecraft:cooked_mutton":4,"minecraft:leather_boots":2,"minecraft:apple":4,"minecraft:kelp":129,"minecraft:wheat_seeds":20,"chipped:edge_cut_spruce_log":2,"minecraft:iron_ingot":5,"minecraft:bamboo":4,"minecraft:oak_planks":5,"minecraft:iron_sword":1,"minecraft:dark_oak_stairs":2,"minecraft:oak_slab":1,"minecraft:book":69,"minecraft:pumpkin":11,"minecraft:dandelion":9,"minecraft:gravel":1,"minecraft:stripped_spruce_log":4,"minecraft:spruce_sapling":10,"minecraft:ink_sac":1,"minecraft:white_bed":4,"minecraft:spruce_log":97,"minecraft:barrel":2,"minecraft:leather_helmet":1,"alexsmobs:raw_catfish":2,"minecraft:stone_axe":1,"waystones:waystone":2,"minecraft:emerald":1,"alexsmobs:maggot":4,"minecraft:oak_sapling":18,"minecraft:coal":7},"minecraft:crafted":{"minecraft:brick":1,"minecraft:oak_planks":160,"minecraft:stone_shovel":1,"minecraft:barrel":2,"comforts:sleeping_bag_white":1,"minecraft:furnace":1,"minecraft:bookshelf":3,"minecraft:iron_boots":1,"minecraft:iron_axe":2,"minecraft:stone_pickaxe":1,"minecraft:chest":7,"chipped:mason_table":1,"minecraft:wheat":117,"minecraft:oak_slab":18,"minecraft:emerald":1,"sophisticatedbackpacks:backpack":1,"minecraft:crafting_table":4,"minecraft:spruce_planks":32,"minecraft:wooden_pickaxe":1,"chipped:carpenters_table":1,"minecraft:stone_axe":1,"minecraft:bread":39,"minecraft:air":0,"minecraft:lectern":3,"minecraft:iron_chestplate":1,"minecraft:stick":16,"minecraft:iron_ingot":34,"minecraft:wooden_axe":1,"minecraft:stone_sword":1,"minecraft:iron_leggings":1},"minecraft:broken":{"minecraft:iron_axe":1,"minecraft:stone_axe":1,"minecraft:iron_pickaxe":1},"minecraft:killed_by":{"minecraft:iron_golem":1,"alexsmobs:bison":1},"minecraft:used":{"minecraft:stone_sword":63,"minecraft:stone_shovel":55,"minecraft:chest":6,"minecraft:spruce_planks":5,"minecraft:iron_sword":40,"minecraft:dirt":34,"minecraft:anvil":1,"minecraft:spruce_stairs":4,"minecraft:iron_axe":287,"minecraft:barrel":2,"minecraft:item_frame":1,"minecraft:furnace":3,"comforts:sleeping_bag_white":8,"minecraft:diorite":15,"minecraft:stone_pickaxe":108,"minecraft:oak_planks":36,"minecraft:wooden_pickaxe":3,"chipped:bundled_spruce_log":1,"minecraft:white_wool":3,"minecraft:crafting_table":8,"minecraft:oak_slab":1,"chipped:mason_table":1,"minecraft:spruce_log":32,"minecraft:oak_log":13,"waystones:waystone":1,"minecraft:flower_pot":2,"minecraft:bread":17,"minecraft:iron_pickaxe":142,"minecraft:lectern":79,"minecraft:spruce_sapling":10,"minecraft:stone_axe":112,"minecraft:cobblestone":38,"chipped:edge_cut_spruce_log":2,"alexsmobs:animal_dictionary":2,"chipped:carpenters_table":1},"minecraft:dropped":{"minecraft:dark_oak_stairs":2,"minecraft:lantern":1,"alexsmobs:bison_fur":1,"minecraft:coal":4,"minecraft:item_frame":4,"minecraft:dirt":1,"minecraft:ink_sac":1,"minecraft:cornflower":2,"minecraft:oak_stairs":1,"minecraft:iron_pickaxe":1,"minecraft:stone_sword":1,"minecraft:cobblestone_wall":1,"sophisticatedbackpacks:backpack":2,"minecraft:white_bed":2,"minecraft:carrot":1,"minecraft:flower_pot":1,"minecraft:stone_pressure_plate":1,"minecraft:bamboo":3,"minecraft:lectern":2}},"DataVersion":3465}