{"stats":{"minecraft:dropped":{"minecraft:kelp":13,"create:ochrum":1,"minecraft:oak_pressure_plate":1,"minecraft:stone_sword":1,"minecraft:cobblestone":2,"minecraft:feather":1,"minecraft:rotten_flesh":3,"minecolonies:onion":1,"minecraft:gunpowder":1,"minecraft:diorite":2,"minecraft:oak_sapling":1,"minecraft:spider_eye":1,"minecraft:arrow":2,"minecraft:wooden_pickaxe":1,"minecraft:string":2,"minecraft:white_wool":4},"minecraft:broken":{"minecraft:stone_axe":1},"minecraft:crafted":{"minecraft:cooked_beef":2,"minecraft:oak_planks":72,"minecraft:stone_shovel":1,"sophisticatedbackpacks:backpack":1,"minecraft:crafting_table":1,"minecraft:spruce_planks":4,"minecraft:iron_helmet":1,"minecraft:wooden_pickaxe":1,"minecraft:cooked_chicken":1,"minecraft:iron_sword":1,"minecraft:furnace":1,"minecraft:stone_axe":2,"minecraft:cooked_mutton":12,"minecraft:air":0,"minecraft:oak_boat":1,"minecraft:iron_boots":1,"minecraft:iron_chestplate":1,"minecraft:stick":68,"minecraft:iron_ingot":29,"minecraft:iron_pickaxe":1,"minecraft:stone_pickaxe":1,"minecraft:chest":1,"minecraft:stone_sword":1,"minecraft:iron_leggings":1,"minecraft:white_bed":1,"minecraft:torch":196},"minecraft:killed":{"minecraft:pig":17,"minecraft:spider":3,"minecraft:creeper":5,"minecraft:skeleton":1,"minecraft:sheep":14,"minecraft:zombie":14,"minecraft:chicken":1,"minecraft:cow":10},"minecraft:mined":{"create:zinc_ore":101,"create:deepslate_zinc_ore":1,"minecraft:white_bed":3,"minecraft:kelp_plant":47,"minecraft:crafting_table":8,"minecraft:torch":8,"minecraft:granite":3,"minecraft:grass_block":18,"create:ochrum":1,"minecraft:oak_pressure_plate":1,"minecraft:copper_ore":4,"minecraft:cobblestone":9,"minecraft:spruce_leaves":39,"minecraft:sugar_cane":29,"minecraft:kelp":1,"minecraft:diorite":1,"minecraft:wall_torch":6,"minecraft:seagrass":2,"minecraft:tall_seagrass":5,"minecraft:furnace":5,"minecraft:iron_ore":13,"minecraft:spruce_log":6,"minecraft:andesite":36,"minecraft:grass":16,"minecraft:oak_log":33,"minecraft:red_tulip":1,"minecraft:coal_ore":41,"minecraft:cobweb":11,"minecraft:tripwire_hook":2,"minecraft:stone":129,"minecraft:white_wool":1,"minecraft:oak_leaves":1},"minecraft:picked_up":{"minecraft:crafting_table":8,"minecraft:feather":1,"minecraft:cooked_beef":1,"minecraft:tripwire_hook":2,"minecraft:chicken":1,"minecraft:andesite":36,"minecraft:leather":5,"minecolonies:onion":1,"create:raw_zinc":94,"minecraft:oak_log":33,"minecraft:gunpowder":3,"minecraft:dirt":18,"minecraft:string":13,"minecraft:raw_copper":91,"minecraft:apple":1,"minecraft:kelp":269,"minecraft:beef":19,"minecraft:iron_ingot":2,"minecraft:oak_boat":1,"minecraft:sugar_cane":70,"minecraft:egg":1,"minecraft:furnace":5,"minecraft:stick":1,"minecraft:raw_iron":41,"minecraft:torch":17,"minecraft:oak_pressure_plate":1,"minecraft:porkchop":33,"minecraft:spruce_sapling":1,"minecraft:spruce_log":6,"minecraft:diorite":2,"minecraft:white_bed":3,"minecraft:spider_eye":1,"minecraft:arrow":2,"minecraft:rotten_flesh":13,"waystones:waystone":1,"create:ochrum":1,"minecraft:granite":3,"minecraft:oak_sapling":1,"minecraft:mutton":19,"minecraft:coal":544,"minecraft:white_wool":14,"minecraft:cobblestone":132},"minecraft:used":{"minecraft:cooked_mutton":8,"minecraft:stone_sword":48,"minecraft:stone_pickaxe":120,"minecraft:wooden_pickaxe":5,"minecraft:iron_sword":63,"minecraft:rotten_flesh":10,"minecraft:cooked_chicken":1,"minecraft:white_wool":2,"minecraft:torch":186,"minecraft:dirt":18,"minecraft:crafting_table":8,"minecraft:white_bed":3,"minecraft:granite":3,"minecraft:apple":1,"minecraft:iron_pickaxe":223,"minecraft:stone_axe":87,"minecraft:cobblestone":55,"minecraft:furnace":5,"minecraft:oak_boat":2,"minecraft:cooked_beef":3,"minecraft:iron_leggings":1},"minecraft:custom":{"minecraft:interact_with_furnace":28,"minecraft:mob_kills":65,"minecraft:open_barrel":4,"minecraft:interact_with_crafting_table":23,"minecraft:leave_game":7,"minecraft:time_since_death":93243,"minecraft:sleep_in_bed":3,"minecraft:waystone_activated":1,"minecraft:time_since_rest":10282,"minecraft:sprint_one_cm":168996,"minecraft:damage_taken":859,"minecraft:walk_one_cm":280263,"minecraft:drop":21,"minecraft:damage_dealt":8234,"minecraft:swim_one_cm":44803,"minecraft:fly_one_cm":220120,"minecraft:crouch_one_cm":6952,"minecraft:play_time":93243,"minecraft:sneak_time":2914,"minecraft:walk_under_water_one_cm":8222,"minecraft:boat_one_cm":73698,"minecraft:jump":1235,"minecraft:walk_on_water_one_cm":34733,"minecraft:total_world_time":93243,"minecraft:fall_one_cm":24567}},"DataVersion":3465}