{"stats":{"minecraft:custom":{"minecraft:time_since_rest":4887,"minecraft:interact_with_furnace":1,"minecraft:sprint_one_cm":51267,"minecraft:damage_taken":220,"minecraft:walk_one_cm":89986,"minecraft:mob_kills":31,"minecraft:damage_dealt":2628,"minecraft:talked_to_villager":20,"minecraft:interact_with_crafting_table":9,"minecraft:fly_one_cm":177503,"minecraft:open_chest":1,"minecraft:crouch_one_cm":651,"minecraft:play_time":36930,"minecraft:sneak_time":719,"minecraft:jump":220,"minecraft:leave_game":3,"minecraft:time_since_death":36930,"minecraft:sleep_in_bed":1,"minecraft:total_world_time":36930,"minecraft:fall_one_cm":4601},"minecraft:mined":{"minecraft:hay_block":13,"minecraft:white_bed":2,"minecraft:furnace":1,"minecraft:lilac":3,"minecraft:crafting_table":4,"minecraft:bookshelf":23,"minecraft:grass":14,"minecraft:stone_brick_wall":2,"minecraft:grass_block":1,"minecraft:oak_log":12,"minecraft:rose_bush":3,"minecraft:iron_bars":5,"minecraft:lantern":1,"minecraft:lectern":20,"minecraft:cobweb":29,"minecraft:tall_grass":1,"minecraft:stone":24,"minecraft:oak_leaves":1},"minecraft:killed":{"minecraft:sheep":12,"minecraft:pig":8,"minecraft:spider":1,"alexsmobs:fly":3,"minecraft:cow":7},"minecraft:picked_up":{"minecraft:book":69,"minecraft:stick":6,"minecraft:crafting_table":4,"minecraft:lilac":2,"minecraft:leather":8,"minecraft:stone_brick_wall":2,"minecraft:porkchop":18,"minecraft:oak_log":12,"minecraft:white_bed":2,"minecraft:string":29,"minecraft:dirt":1,"minecraft:lantern":4,"minecraft:apple":2,"minecraft:wheat_seeds":2,"minecraft:hay_block":13,"minecraft:beef":13,"minecraft:rose_bush":9,"alexsmobs:maggot":4,"minecraft:lectern":20,"minecraft:oak_sapling":9,"minecraft:mutton":18,"minecraft:iron_bars":5,"minecraft:white_wool":12,"minecraft:cobblestone":24,"minecraft:furnace":1},"minecraft:crafted":{"minecraft:oak_slab":12,"minecraft:oak_planks":48,"minecraft:lectern":3,"minecraft:stone_shovel":1,"minecraft:crafting_table":1,"minecraft:stick":12,"comforts:sleeping_bag_white":1,"minecraft:wooden_pickaxe":1,"minecraft:stone_pickaxe":1,"minecraft:stone_sword":1,"minecraft:furnace":1,"minecraft:stone_axe":1,"minecraft:bookshelf":3,"minecraft:wheat":117},"minecraft:used":{"minecraft:stone_sword":36,"minecraft:stone_pickaxe":31,"minecraft:oak_planks":6,"minecraft:lectern":20,"minecraft:wooden_pickaxe":3,"minecraft:stone_axe":92,"minecraft:crafting_table":5,"minecraft:furnace":1,"alexsmobs:animal_dictionary":2}},"DataVersion":3465}