{"stats":{"minecraft:dropped":{"minecraft:iron_sword":1,"minecraft:oak_pressure_plate":1,"minecraft:feather":1,"minecraft:cobblestone":2,"minecolonies:onion":1,"minecraft:stick":7,"minecraft:diorite":2,"minecraft:torch":2,"minecraft:string":2,"minecraft:lily_pad":6,"minecraft:white_wool":4,"minecraft:kelp":14,"create:ochrum":1,"minecraft:stone_sword":1,"minecraft:rotten_flesh":3,"minecraft:filled_map":1,"minecraft:gunpowder":3,"minecraft:oak_sapling":1,"minecraft:spider_eye":1,"minecraft:sandstone":1,"minecraft:arrow":2,"minecraft:stone_pickaxe":1,"minecraft:wooden_pickaxe":1},"minecraft:broken":{"minecraft:stone_axe":1,"minecraft:iron_pickaxe":1},"minecraft:crafted":{"minecraft:oak_planks":72,"minecraft:stone_shovel":1,"minecraft:cooked_chicken":1,"minecraft:furnace":1,"minecraft:cooked_mutton":12,"minecraft:iron_boots":1,"minecraft:stone_pickaxe":1,"minecraft:chest":1,"minecraft:cooked_beef":12,"sophisticatedbackpacks:backpack":1,"minecraft:crafting_table":1,"minecraft:spruce_planks":4,"minecraft:wooden_pickaxe":1,"minecraft:iron_helmet":1,"minecraft:iron_sword":1,"minecraft:stone_axe":2,"minecraft:air":0,"minecraft:oak_boat":1,"minecraft:iron_chestplate":1,"minecraft:stick":68,"minecraft:iron_ingot":29,"minecraft:iron_pickaxe":2,"minecraft:stone_sword":1,"minecraft:iron_leggings":1,"minecraft:white_bed":1,"minecraft:torch":196},"minecraft:killed":{"minecraft:spider":3,"minecraft:skeleton":1,"minecraft:chicken":1,"minecraft:pig":23,"minecraft:creeper":5,"minecraft:sheep":23,"minecraft:zombie":14,"minecraft:cow":21},"minecraft:mined":{"create:zinc_ore":101,"create:deepslate_zinc_ore":1,"minecraft:white_bed":7,"minecraft:dark_oak_leaves":41,"minecraft:dark_oak_log":18,"minecraft:granite":3,"minecraft:grass_block":19,"create:ochrum":1,"minecraft:oak_pressure_plate":1,"minecraft:spruce_leaves":43,"minecraft:kelp":1,"minecraft:sandstone":34,"minecraft:tall_seagrass":5,"minecraft:furnace":6,"minecraft:iron_ore":13,"minecraft:andesite":36,"minecraft:red_tulip":1,"minecraft:stone":129,"minecraft:white_wool":1,"minecraft:kelp_plant":47,"minecraft:crafting_table":9,"minecraft:torch":10,"minecraft:copper_ore":4,"minecraft:tall_grass":2,"minecraft:cobblestone":11,"minecraft:sugar_cane":31,"minecraft:diorite":10,"minecraft:wall_torch":6,"minecraft:seagrass":2,"minecraft:birch_log":11,"minecraft:spruce_log":6,"minecraft:birch_leaves":30,"minecraft:grass":22,"minecraft:coal_ore":41,"minecraft:oak_log":33,"minecraft:sand":66,"minecraft:cobweb":11,"minecraft:tripwire_hook":2,"minecraft:oak_leaves":3},"minecraft:used":{"minecraft:stone_sword":48,"minecraft:stone_shovel":58,"minecraft:iron_sword":78,"minecraft:cooked_chicken":1,"minecraft:rotten_flesh":10,"minecraft:torch":188,"minecraft:dirt":18,"minecraft:granite":3,"minecraft:furnace":6,"minecraft:cooked_cod":2,"minecraft:cooked_beef":6,"minecraft:iron_leggings":1,"minecraft:cooked_mutton":12,"minecraft:stone_pickaxe":120,"minecraft:wooden_pickaxe":5,"minecraft:white_wool":2,"minecraft:crafting_table":9,"minecraft:white_bed":7,"minecraft:apple":1,"minecraft:iron_pickaxe":273,"minecraft:stone_axe":153,"minecraft:cobblestone":85,"minecraft:oak_boat":9,"minecraft:experience_bottle":1},"minecraft:picked_up":{"minecraft:crafting_table":9,"minecraft:chicken":1,"minecraft:string":13,"minecraft:raw_copper":91,"minecraft:beef":54,"minecraft:oak_boat":9,"minecraft:sugar_cane":74,"minecraft:birch_sapling":1,"minecraft:furnace":6,"minecraft:egg":1,"minecraft:dark_oak_sapling":4,"minecraft:raw_iron":41,"minecraft:stick":11,"minecraft:sandstone":22,"minecraft:torch":19,"minecraft:porkchop":47,"minecraft:diorite":4,"minecraft:arrow":2,"minecraft:rotten_flesh":13,"create:ochrum":1,"minecraft:mutton":34,"minecraft:white_wool":23,"minecraft:cobblestone":134,"minecraft:birch_log":11,"minecraft:feather":1,"minecraft:cooked_beef":1,"minecraft:tripwire_hook":2,"minecraft:andesite":36,"minecraft:leather":19,"minecolonies:onion":1,"create:raw_zinc":94,"minecraft:oak_log":33,"minecraft:lily_pad":6,"minecraft:gunpowder":3,"minecraft:dirt":18,"minecraft:apple":1,"minecraft:kelp":270,"minecraft:iron_ingot":2,"minecraft:oak_pressure_plate":1,"minecraft:sand":60,"minecraft:spruce_sapling":1,"minecraft:white_bed":7,"minecraft:spruce_log":6,"minecraft:dark_oak_log":18,"minecraft:spider_eye":1,"waystones:waystone":1,"minecraft:granite":3,"minecraft:oak_sapling":1,"minecraft:coal":579},"minecraft:custom":{"minecraft:mob_kills":91,"minecraft:interact_with_crafting_table":24,"minecraft:open_barrel":4,"minecraft:leave_game":7,"minecraft:time_since_death":129243,"minecraft:sprint_one_cm":257685,"minecraft:walk_one_cm":323027,"minecraft:drop":33,"minecraft:play_time":129243,"minecraft:sneak_time":4481,"minecraft:walk_under_water_one_cm":36718,"minecraft:boat_one_cm":260724,"minecraft:jump":2038,"minecraft:walk_on_water_one_cm":44193,"minecraft:total_world_time":129243,"minecraft:interact_with_furnace":33,"minecraft:sleep_in_bed":6,"minecraft:time_since_rest":2017,"minecraft:waystone_activated":1,"minecraft:damage_taken":1319,"minecraft:damage_dealt":10653,"minecraft:swim_one_cm":106758,"minecraft:fly_one_cm":433721,"minecraft:open_chest":9,"minecraft:crouch_one_cm":11040,"minecraft:fall_one_cm":45864}},"DataVersion":3465}