{"stats":{"minecraft:custom":{"lootr:looted_stat":1,"minecraft:interact_with_furnace":1,"minecraft:interact_with_anvil":1,"minecraft:mob_kills":33,"minecraft:inspect_hopper":1,"minecraft:interact_with_crafting_table":14,"minecraft:interact_with_campfire":4,"minecraft:pot_flower":3,"minecraft:leave_game":3,"minecraft:time_since_death":20840,"minecraft:sleep_in_bed":3,"minecraft:climb_one_cm":1190,"minecraft:time_since_rest":2805,"minecraft:sprint_one_cm":94572,"minecraft:damage_taken":523,"minecraft:walk_one_cm":191704,"minecraft:drop":19,"minecraft:damage_dealt":3308,"minecraft:talked_to_villager":32,"minecraft:fly_one_cm":223161,"minecraft:open_chest":6,"minecraft:crouch_one_cm":4265,"minecraft:play_time":60930,"minecraft:deaths":1,"minecraft:sneak_time":2212,"minecraft:jump":462,"minecraft:walk_on_water_one_cm":5368,"minecraft:total_world_time":60930,"minecraft:fall_one_cm":8550},"minecraft:mined":{"minecraft:scaffolding":1,"minecraft:stone_pressure_plate":1,"minecraft:acacia_leaves":1,"minecraft:white_bed":3,"minecraft:potted_blue_orchid":1,"minecraft:oak_fence":4,"minecraft:crafting_table":5,"minecraft:grass_block":1,"minecraft:stone_brick_wall":9,"minecraft:rose_bush":3,"minecraft:lectern":35,"minecraft:coal_block":8,"minecraft:tall_grass":1,"minecraft:potted_bamboo":1,"minecraft:oak_planks":4,"minecraft:hay_block":13,"minecraft:spruce_stairs":5,"minecraft:carrots":1,"minecraft:furnace":2,"minecraft:cobblestone_wall":1,"minecraft:lilac":3,"minecraft:anvil":1,"minecraft:dark_oak_stairs":1,"minecraft:grass":14,"minecraft:bookshelf":23,"minecraft:coal_ore":4,"minecraft:oak_log":20,"minecraft:oak_stairs":4,"minecraft:iron_bars":5,"minecraft:lantern":1,"minecraft:dirt":2,"minecraft:stripped_oak_log":12,"minecraft:cobweb":29,"minecraft:stone_bricks":12,"minecraft:stone":25,"minecraft:iron_block":2,"minecraft:oak_leaves":4},"minecraft:killed":{"minecraft:pig":8,"minecraft:spider":1,"minecraft:iron_golem":1,"minecraft:squid":1,"minecraft:sheep":12,"alexsmobs:fly":3,"minecraft:cow":7},"minecraft:picked_up":{"minecraft:stripped_oak_log":12,"minecraft:fishing_rod":1,"minecraft:crafting_table":5,"minecraft:flower_pot":3,"minecraft:lilac":2,"minecraft:anvil":1,"minecraft:leather":8,"minecraft:oak_stairs":4,"minecraft:enchanted_book":1,"minecraft:stone_brick_wall":9,"minecraft:oak_log":19,"minecraft:cobblestone_wall":1,"minecraft:lapis_lazuli":1,"minecraft:dirt":1,"minecraft:string":29,"minecraft:lantern":6,"minecraft:iron_shovel":2,"minecraft:compass":1,"minecraft:flint_and_steel":1,"minecraft:name_tag":1,"minecraft:item_frame":5,"minecraft:cooked_mutton":4,"minecraft:experience_bottle":1,"minecraft:blue_orchid":1,"minecraft:apple":2,"minecraft:wheat_seeds":3,"comforts:sleeping_bag_white":1,"minecraft:iron_ingot":5,"minecraft:beef":13,"minecraft:iron_pickaxe":4,"minecraft:rose_bush":9,"minecraft:poppy":2,"minecraft:bamboo":4,"minecraft:lectern":37,"minecraft:coal_block":8,"minecraft:oak_planks":4,"minecraft:dark_oak_stairs":2,"minecraft:furnace":2,"minecraft:book":69,"minecraft:stick":6,"minecraft:oak_fence":4,"minecraft:spruce_stairs":4,"minecraft:porkchop":18,"minecraft:ink_sac":1,"minecraft:white_bed":4,"minecraft:carrot":1,"minecraft:iron_horse_armor":1,"minecraft:stone_pressure_plate":1,"minecraft:stone_axe":1,"minecraft:shears":1,"minecraft:hay_block":13,"minecraft:iron_block":2,"minecraft:emerald":1,"minecraft:gold_ingot":1,"alexsmobs:maggot":4,"minecraft:oak_sapling":9,"minecraft:coal":4,"minecraft:mutton":18,"minecraft:iron_bars":5,"minecraft:cobblestone":24,"minecraft:white_wool":12},"minecraft:crafted":{"minecraft:oak_planks":96,"minecraft:oak_slab":12,"minecraft:stone_shovel":1,"sophisticatedbackpacks:backpack":1,"minecraft:crafting_table":1,"comforts:sleeping_bag_white":1,"minecraft:wooden_pickaxe":1,"minecraft:furnace":1,"minecraft:stone_axe":1,"minecraft:bookshelf":3,"minecraft:bread":39,"minecraft:lectern":3,"minecraft:iron_boots":1,"minecraft:iron_chestplate":1,"minecraft:iron_axe":1,"minecraft:stick":12,"minecraft:iron_leggings":1,"minecraft:iron_ingot":18,"minecraft:stone_pickaxe":1,"minecraft:stone_sword":1,"minecraft:chest":3,"minecraft:wheat":117},"minecraft:killed_by":{"minecraft:iron_golem":1},"minecraft:broken":{"minecraft:stone_axe":1},"minecraft:dropped":{"minecraft:dark_oak_stairs":2,"minecraft:cobblestone_wall":1,"minecraft:lantern":1,"minecraft:coal":4,"minecraft:carrot":1,"minecraft:white_bed":2,"minecraft:item_frame":4,"minecraft:dirt":1,"minecraft:flower_pot":1,"minecraft:ink_sac":1,"minecraft:stone_pressure_plate":1,"minecraft:oak_stairs":1,"minecraft:bamboo":3,"minecraft:lectern":2},"minecraft:used":{"minecraft:stone_sword":42,"minecraft:stone_pickaxe":73,"minecraft:oak_planks":35,"minecraft:chest":2,"minecraft:wooden_pickaxe":3,"minecraft:anvil":1,"minecraft:crafting_table":6,"minecraft:spruce_stairs":4,"minecraft:flower_pot":2,"minecraft:iron_axe":44,"minecraft:bread":2,"minecraft:lectern":36,"minecraft:item_frame":1,"minecraft:stone_axe":112,"minecraft:furnace":1,"comforts:sleeping_bag_white":1,"alexsmobs:animal_dictionary":2}},"DataVersion":3465}