{"stats":{"minecraft:crafted":{"minecraft:oak_planks":420,"minecraft:barrel":15,"minecraft:cooked_chicken":1,"minecraft:stone":56,"easy_villagers:incubator":1,"minecraft:diamond_shovel":1,"minecraft:cooked_mutton":12,"minecraft:glass":64,"minecraft:iron_boots":1,"create:mechanical_press":1,"minecraft:chest":2,"easy_villagers:trader":1,"minecraft:stone_hoe":1,"minecraft:oak_slab":54,"create:depot":1,"sophisticatedbackpacks:backpack":1,"minecraft:emerald":146,"minecraft:diamond_axe":1,"minecraft:crafting_table":4,"minecraft:spruce_planks":4,"create:mechanical_saw":5,"minecraft:wooden_pickaxe":1,"minecraft:iron_helmet":1,"create:zinc_nugget":36,"minecraft:birch_planks":44,"minecraft:iron_chestplate":1,"minecraft:diamond_pickaxe":1,"create:water_wheel":1,"minecraft:stick":176,"minecraft:iron_ingot":47,"minecraft:iron_pickaxe":2,"minecraft:iron_block":1,"minecraft:stone_sword":1,"minecraft:composter":2,"minecraft:shears":1,"minecraft:raw_iron":9,"minecraft:stone_shovel":1,"minecraft:furnace":3,"easy_villagers:iron_farm":1,"minecraft:oak_trapdoor":28,"minecraft:glass_pane":32,"minecraft:diamond":9,"minecraft:ladder":18,"minecraft:stone_pickaxe":1,"minecraft:cobblestone_wall":12,"create:windmill_bearing":2,"minecraft:cooked_beef":12,"create:andesite_alloy":18,"create:hand_crank":1,"minecraft:iron_sword":1,"create:large_water_wheel":1,"minecraft:bucket":1,"minecraft:stone_axe":2,"minecraft:air":0,"minecraft:oak_fence_gate":1,"minecraft:oak_boat":1,"minecraft:white_wool":144,"easy_villagers:breeder":2,"minecraft:iron_leggings":1,"minecraft:white_bed":12,"create:mechanical_drill":1,"create:shaft":8,"minecraft:torch":216,"create:zinc_ingot":4},"minecraft:picked_up":{"minecraft:wheat":48,"easy_villagers:breeder":1,"minecraft:string":1085,"minecraft:raw_copper":150,"minecraft:cooked_salmon":3,"minecraft:gold_nugget":29,"create:mechanical_press":2,"minecraft:cobbled_deepslate":64,"minecolonies:blockhutfarmer":1,"minecraft:coal_block":16,"minecraft:furnace":6,"minecraft:stick":24,"minecraft:torch":80,"create:andesite_casing":8,"minecraft:porkchop":85,"easy_villagers:iron_farm":3,"minecraft:diorite":5,"minecraft:rotten_flesh":20,"create:ochrum":1,"minecraft:iron_block":2,"supplementaries:ash":22,"minecraft:cobblestone":1298,"minecraft:birch_log":39,"minecraft:feather":1,"minecraft:cooked_beef":1,"minecraft:andesite":51,"minecolonies:blockhutcook":1,"minecraft:flint":8,"minecraft:tuff":63,"create:raw_zinc":94,"minecraft:lapis_lazuli":33,"minecraft:dirt":332,"minecolonies:blockminecoloniesrack":26,"minecraft:wheat_seeds":31,"easy_villagers:trader":6,"minecraft:raw_gold":27,"create:shaft":1,"minecraft:oak_planks":27,"minecraft:oak_pressure_plate":1,"minecraft:sand":128,"minecraft:diamond_block":2,"minecraft:dark_oak_log":36,"minecraft:barrel":6,"minecraft:clay":128,"minecraft:diamond":6,"waystones:waystone":9,"minecraft:lever":7,"minecraft:granite":8,"minecolonies:blockhutwarehouse":1,"minecraft:oak_sapling":14,"minecraft:diamond_pickaxe":1,"minecraft:crafting_table":11,"minecraft:coarse_dirt":12,"minecolonies:blockhuttownhall":1,"minecraft:azure_bluet":1,"minecraft:chicken":65,"minecraft:ladder":1,"minecraft:gold_block":1,"domum_ornamentum:cream_bricks":32,"supplementaries:globe":1,"minecraft:oak_trapdoor":5,"minecolonies:blockhutguardtower":1,"minecraft:beef":188,"minecraft:oak_boat":14,"minecraft:poppy":2,"minecraft:chest":1,"minecraft:sugar_cane":165,"minecraft:birch_sapling":7,"minecraft:spruce_trapdoor":2,"minecraft:egg":1,"minecraft:dark_oak_sapling":8,"minecraft:raw_iron":106,"minecraft:sandstone":43,"minecolonies:blockhutfield":1,"structurize:sceptergold":1,"minecraft:carrot":1071,"minecraft:redstone":77,"minecraft:arrow":67,"minecraft:hay_block":1,"create:depot":1,"minecraft:mutton":62,"minecraft:white_wool":43,"minecraft:oxeye_daisy":1,"minecraft:tripwire_hook":8,"minecraft:salmon":64,"minecraft:leather":89,"minecolonies:onion":1,"minecraft:oak_log":141,"domum_ornamentum:beige_bricks":32,"minecraft:lily_pad":6,"minecraft:gunpowder":7,"minecraft:apple":1,"minecraft:kelp":270,"minecraft:heart_of_the_sea":1,"minecraft:iron_ingot":2,"minecolonies:blockhuttavern":1,"minecraft:book":3,"create:large_water_wheel":1,"minecraft:emerald_block":1,"minecraft:dandelion":13,"minecraft:raw_iron_block":2,"minecraft:gravel":90,"minecraft:spruce_sapling":8,"minecraft:white_bed":24,"minecraft:spruce_log":70,"minecraft:spider_eye":2,"minecolonies:clipboard":2,"minecraft:polished_diorite":64,"minecraft:coal":761,"minecraft:hopper":1},"minecraft:used":{"easy_villagers:breeder":2,"minecraft:ladder":13,"minecraft:chest":12,"minecraft:iron_sword":193,"minecraft:rotten_flesh":10,"supplementaries:globe":2,"minecraft:carrot":83,"create:depot":2,"minecraft:grass_block":438,"minecraft:birch_sapling":5,"easy_villagers:iron_farm":21,"create:shaft":1,"minecraft:furnace":8,"minecraft:oak_sapling":6,"minecraft:cooked_cod":4,"minecraft:stone_pickaxe":120,"minecraft:oak_planks":20,"minecraft:wooden_pickaxe":5,"minecraft:composter":1,"minecraft:diamond_axe":160,"minecraft:white_wool":5,"minecolonies:blockminecoloniesrack":15,"minecraft:shears":42,"waystones:waystone":1,"minecraft:lever":12,"easy_villagers:villager":11,"minecraft:string":89,"minecraft:lectern":2,"minecraft:andesite":3,"minecraft:oak_boat":13,"minecraft:coarse_dirt":10,"minecraft:experience_bottle":1,"minecraft:oak_trapdoor":41,"minecraft:stone_sword":48,"minecraft:stone_shovel":133,"minecraft:stone_hoe":80,"minecraft:cooked_chicken":1,"minecraft:torch":237,"minecraft:dirt":161,"minecraft:hopper":13,"minecraft:cobblestone_wall":6,"minecraft:oak_fence_gate":1,"minecraft:granite":3,"easy_villagers:trader":8,"minecraft:barrel":6,"minecraft:tripwire_hook":18,"minecraft:beef":5,"easy_villagers:incubator":1,"minecraft:cooked_beef":23,"minecraft:iron_leggings":1,"minecraft:cooked_mutton":12,"minecraft:water_bucket":28,"minecraft:diamond_block":1,"minecraft:crafting_table":14,"minecraft:white_bed":33,"minecolonies:supplychestdeployer":1,"minecraft:oak_log":19,"minecraft:diamond_pickaxe":1221,"minecraft:apple":1,"minecraft:diamond_shovel":299,"create:mechanical_press":3,"minecraft:iron_pickaxe":500,"minecraft:spruce_trapdoor":19,"create:large_water_wheel":2,"minecraft:stone_axe":176,"minecraft:cobblestone":475,"minecraft:bucket":10,"create:hand_crank":1,"structurize:sceptergold":1},"minecraft:broken":{"minecraft:stone_axe":2,"minecraft:stone_shovel":1,"minecraft:iron_pickaxe":2},"minecraft:dropped":{"minecraft:iron_sword":1,"minecraft:oak_pressure_plate":1,"minecraft:dirt":20,"minecraft:white_wool":4,"minecraft:sugar_cane":1,"minecraft:rotten_flesh":3,"minecraft:carrot":1399,"minecraft:gunpowder":3,"minecraft:arrow":2,"minecraft:wheat_seeds":6,"minecraft:feather":1,"minecraft:cobblestone":2,"minecraft:grass_block":2,"minecolonies:onion":1,"minecraft:stick":13,"minecraft:diorite":2,"minecraft:torch":53,"minecraft:string":838,"minecraft:lily_pad":6,"minecraft:dandelion":3,"minecraft:kelp":14,"create:ochrum":1,"minecraft:coarse_dirt":2,"minecraft:stone_sword":1,"minecraft:filled_map":1,"minecraft:diamond_pickaxe":1,"minecraft:oak_sapling":1,"minecraft:spider_eye":2,"minecraft:spruce_log":5,"minecraft:sandstone":1,"minecraft:stone_pickaxe":1,"minecraft:wooden_pickaxe":1,"waystones:waystone":1},"minecraft:mined":{"create:deepslate_zinc_ore":1,"minecraft:white_bed":24,"create:andesite_casing":8,"minecraft:spruce_trapdoor":2,"minecraft:granite":8,"minecraft:grass_block":288,"minecolonies:blockhutfarmer":1,"minecraft:oak_pressure_plate":1,"minecraft:hopper":1,"minecolonies:blockhutwarehouse":1,"minecraft:tall_seagrass":32,"minecraft:raw_iron_block":2,"minecraft:iron_ore":17,"minecraft:barrel":6,"easy_villagers:breeder":1,"minecraft:azure_bluet":1,"minecraft:red_tulip":1,"minecraft:iron_block":2,"create:mechanical_press":2,"minecraft:tripwire":43,"minecraft:deepslate_redstone_ore":3,"minecraft:kelp_plant":47,"minecraft:torch":23,"minecraft:poppy":1,"minecraft:chest":2,"minecolonies:blockhutcook":1,"minecraft:cobblestone":67,"minecraft:sugar_cane":36,"minecraft:oak_planks":17,"minecraft:wall_torch":9,"minecraft:seagrass":30,"minecraft:birch_log":28,"minecraft:grass":274,"minecraft:oak_log":78,"minecraft:sand":79,"minecraft:dirt":21,"minecolonies:blockhutfield":1,"minecraft:tripwire_hook":4,"minecraft:oak_leaves":17,"minecraft:deepslate":65,"minecraft:emerald_block":1,"create:zinc_ore":102,"minecraft:diamond_ore":1,"minecraft:tuff":89,"minecraft:deepslate_diamond_ore":1,"minecraft:dark_oak_leaves":41,"minecolonies:blockhuttownhall":2,"minecraft:dark_oak_log":18,"minecraft:lever":2,"minecraft:ladder":1,"create:ochrum":1,"minecolonies:blockhuttavern":1,"create:depot":1,"minecraft:spruce_leaves":50,"minecraft:kelp":1,"minecraft:sandstone":34,"minecraft:large_fern":1,"minecraft:hay_block":1,"create:shaft":1,"minecraft:oak_trapdoor":6,"easy_villagers:iron_farm":3,"minecraft:furnace":6,"minecraft:carrots":13,"minecolonies:blockminecoloniesrack":26,"minecraft:andesite":52,"minecraft:diamond_block":2,"minecraft:gold_block":1,"minecraft:deepslate_iron_ore":33,"easy_villagers:trader":6,"minecraft:packed_ice":1,"minecraft:stone":1253,"minecraft:white_wool":3,"minecraft:dandelion":9,"minecraft:crafting_table":11,"minecraft:cornflower":1,"minecraft:tall_grass":69,"minecraft:copper_ore":6,"minecraft:lapis_ore":2,"minecraft:deepslate_gold_ore":5,"minecraft:diorite":11,"minecolonies:blockhutguardtower":1,"supplementaries:urn":6,"create:water_wheel_structure":1,"minecraft:coarse_dirt":12,"minecraft:sweet_berry_bush":1,"minecraft:spruce_log":6,"minecraft:birch_leaves":30,"minecraft:coal_ore":48,"minecraft:gravel":79,"minecraft:cobweb":15},"minecraft:killed":{"minecraft:spider":5,"minecraft:skeleton":2,"minecraft:chicken":1,"minecraft:pig":30,"minecraft:creeper":7,"minecraft:sheep":25,"minecraft:zombie":20,"minecraft:cow":57,"minecraft:villager":3},"minecraft:custom":{"minecraft:interact_with_crafting_table":79,"minecraft:open_barrel":5,"minecraft:leave_game":14,"minecraft:time_since_death":441183,"minecraft:sprint_one_cm":542687,"minecraft:drop":93,"minecraft:talked_to_villager":3,"minecraft:play_time":441183,"minecraft:jump":4378,"minecraft:walk_on_water_one_cm":100148,"minecraft:interact_with_furnace":48,"minecraft:traded_with_villager":146,"minecraft:sleep_in_bed":23,"minecraft:waystone_activated":2,"minecraft:damage_dealt":17875,"minecraft:crouch_one_cm":23095,"minecraft:horse_one_cm":227726,"minecraft:mob_kills":151,"minecraft:inspect_hopper":23,"minecraft:climb_one_cm":31422,"minecraft:walk_one_cm":1032166,"minecraft:sneak_time":11889,"minecraft:walk_under_water_one_cm":60322,"minecraft:boat_one_cm":466968,"minecraft:interact_with_lectern":1,"minecraft:total_world_time":441183,"minecraft:time_since_rest":3912,"minecraft:damage_taken":2300,"minecraft:swim_one_cm":146818,"minecraft:fly_one_cm":1073463,"minecraft:open_chest":73,"minecraft:fall_one_cm":93097}},"DataVersion":3465}