{"stats":{"minecraft:dropped":{"create:ochrum":1,"minecraft:feather":1,"minecraft:rotten_flesh":3,"minecraft:gunpowder":1,"minecraft:oak_sapling":1,"minecraft:string":1},"minecraft:crafted":{"minecraft:cooked_beef":2,"minecraft:oak_planks":32,"minecraft:stone_shovel":1,"minecraft:crafting_table":1,"minecraft:wooden_pickaxe":1,"minecraft:cooked_chicken":1,"minecraft:furnace":1,"minecraft:stone_axe":1,"minecraft:cooked_mutton":4,"minecraft:air":0,"minecraft:stick":44,"minecraft:iron_ingot":3,"minecraft:iron_pickaxe":1,"minecraft:stone_pickaxe":1,"minecraft:stone_sword":1,"minecraft:white_bed":1,"minecraft:torch":112},"minecraft:killed":{"minecraft:spider":1,"minecraft:creeper":3,"minecraft:sheep":3,"minecraft:zombie":7,"minecraft:chicken":1,"minecraft:cow":1},"minecraft:mined":{"create:zinc_ore":57,"minecraft:white_bed":1,"minecraft:kelp_plant":47,"minecraft:crafting_table":4,"minecraft:torch":3,"create:ochrum":1,"minecraft:copper_ore":4,"minecraft:cobblestone":1,"minecraft:kelp":1,"minecraft:wall_torch":3,"minecraft:seagrass":1,"minecraft:tall_seagrass":2,"minecraft:furnace":2,"minecraft:iron_ore":7,"minecraft:andesite":35,"minecraft:oak_log":22,"minecraft:red_tulip":1,"minecraft:coal_ore":21,"minecraft:stone":83,"minecraft:white_wool":1,"minecraft:oak_leaves":1},"minecraft:picked_up":{"minecraft:crafting_table":4,"minecraft:feather":1,"minecraft:cooked_beef":1,"minecraft:chicken":1,"minecraft:andesite":35,"create:raw_zinc":50,"minecraft:oak_log":22,"minecraft:gunpowder":1,"minecraft:string":1,"minecraft:raw_copper":91,"minecraft:apple":1,"minecraft:kelp":269,"minecraft:iron_ingot":2,"minecraft:beef":3,"minecraft:furnace":2,"minecraft:stick":1,"minecraft:raw_iron":20,"minecraft:torch":8,"minecraft:white_bed":1,"minecraft:rotten_flesh":4,"create:ochrum":1,"minecraft:oak_sapling":1,"minecraft:mutton":4,"minecraft:coal":349,"minecraft:white_wool":4,"minecraft:cobblestone":80},"minecraft:used":{"minecraft:cooked_mutton":1,"minecraft:stone_sword":26,"minecraft:stone_pickaxe":120,"minecraft:wooden_pickaxe":5,"minecraft:white_wool":1,"minecraft:torch":102,"minecraft:crafting_table":4,"minecraft:white_bed":1,"minecraft:iron_pickaxe":89,"minecraft:stone_axe":35,"minecraft:cobblestone":22,"minecraft:furnace":3,"minecraft:cooked_beef":3},"minecraft:custom":{"minecraft:interact_with_furnace":11,"minecraft:mob_kills":16,"minecraft:interact_with_crafting_table":10,"minecraft:leave_game":5,"minecraft:time_since_death":47146,"minecraft:sleep_in_bed":1,"minecraft:time_since_rest":30046,"minecraft:sprint_one_cm":44743,"minecraft:damage_taken":300,"minecraft:walk_one_cm":140038,"minecraft:drop":8,"minecraft:damage_dealt":2434,"minecraft:swim_one_cm":14806,"minecraft:fly_one_cm":50950,"minecraft:crouch_one_cm":2711,"minecraft:play_time":47146,"minecraft:sneak_time":1178,"minecraft:walk_under_water_one_cm":2489,"minecraft:jump":432,"minecraft:walk_on_water_one_cm":27044,"minecraft:total_world_time":47146,"minecraft:fall_one_cm":4141}},"DataVersion":3465}